-- MySQL dump 10.13  Distrib 8.0.19, for Win64 (x86_64)
--
-- Host: localhost    Database: test
-- ------------------------------------------------------
-- Server version	8.0.19

/*!40101 SET @OLD_CHARACTER_SET_CLIENT=@@CHARACTER_SET_CLIENT */;
/*!40101 SET @OLD_CHARACTER_SET_RESULTS=@@CHARACTER_SET_RESULTS */;
/*!40101 SET @OLD_COLLATION_CONNECTION=@@COLLATION_CONNECTION */;
/*!50503 SET NAMES utf8mb4 */;
/*!40103 SET @OLD_TIME_ZONE=@@TIME_ZONE */;
/*!40103 SET TIME_ZONE='+00:00' */;
/*!40014 SET @OLD_UNIQUE_CHECKS=@@UNIQUE_CHECKS, UNIQUE_CHECKS=0 */;
/*!40014 SET @OLD_FOREIGN_KEY_CHECKS=@@FOREIGN_KEY_CHECKS, FOREIGN_KEY_CHECKS=0 */;
/*!40101 SET @OLD_SQL_MODE=@@SQL_MODE, SQL_MODE='NO_AUTO_VALUE_ON_ZERO' */;
/*!40111 SET @OLD_SQL_NOTES=@@SQL_NOTES, SQL_NOTES=0 */;

--
-- Table structure for table `albums`
--

DROP TABLE IF EXISTS `albums`;
/*!40101 SET @saved_cs_client     = @@character_set_client */;
/*!50503 SET character_set_client = utf8mb4 */;
CREATE TABLE `albums` (
  `album_id` varchar(10) NOT NULL,
  `album_name` varchar(37) NOT NULL,
  `artist_id` varchar(10) NOT NULL,
  `artist_name` varchar(17) NOT NULL,
  `label_name` varchar(16) NOT NULL,
  `no_of_songs` int NOT NULL,
  `release_date` date NOT NULL,
  PRIMARY KEY (`album_id`),
  KEY `artist_id` (`artist_id`),
  CONSTRAINT `albums_ibfk_1` FOREIGN KEY (`artist_id`) REFERENCES `artists` (`artist_id`)
) ENGINE=InnoDB DEFAULT CHARSET=utf8mb4;
/*!40101 SET character_set_client = @saved_cs_client */;

--
-- Dumping data for table `albums`
--

LOCK TABLES `albums` WRITE;
/*!40000 ALTER TABLE `albums` DISABLE KEYS */;
INSERT INTO `albums` VALUES ('1','Beauty Behind The Madness','1','The Weeknd','XO',14,'2015-08-28'),('10','Scorpion','5','Drake','BMG',12,'2018-06-29'),('100','Drunk','57','Thundercat','None',1,'2017-02-24'),('101','The OF Tape','58','Odd Future','None',1,'2012-03-20'),('102','Vaudeville Villian','59','MF Doom','None',1,'2003-06-10'),('103','Los Angeles','60','Flying Lotus','None',1,'2008-06-10'),('11','Eternal Atake','6','Lil Uzi Vert','ABC',18,'2020-06-20'),('12','24K Magic','7','Bruno Mars','Virgin Records',9,'2016-11-18'),('13','Unorthodox Jukebox','7','Bruno Mars','Virgin Records',6,'2012-12-07'),('14','18 Months','8','Calvin Harris','Red Hill',7,'2012-10-26'),('15','Motion','8','Calvin Harris','Beyond Records',8,'2014-10-31'),('16','Ghost Stories','9','Coldplay','ParloPhone',6,'2014-05-19'),('17','Everyday Life','9','Coldplay','ParloPhone',6,'2019-11-22'),('18','No.6 Collaborations Project','10','Ed Sheeran','Asylum',12,'2012-09-09'),('19','Dua Lipa','11','Dua Lipa','Warner',5,'2017-06-02'),('2','StarBoy','1','The Weeknd','XO',18,'2016-11-25'),('20','Future Nostalgia','11','Dua Lipa','Warner',6,'2020-03-27'),('21','Rodeo','12','Travis Scott','Infinity Records',7,'2015-09-04'),('22','Astroworld','12','Travis Scott','Infinity Records',7,'2018-08-03'),('23','Abbey Road','13','The Beatles','Infinity Records',6,'1969-09-26'),('24','The Dark Side Of The Moon','14','Pink Floyd','Deluxe Records',5,'1973-03-01'),('25','Mirage','15','Fleetwood Mac','Deluxe Records',6,'1982-06-18'),('26','Hybrid Theory','16','Linkin Park','Warner',4,'2000-10-25'),('27','Meteora','16','Linkin Park','Warner',5,'2003-03-25'),('28','The Carter','17','Lil Wayne','Cash Money',6,'2004-06-29'),('29','The Carter V','17','Lil Wayne','Cash Money',7,'2018-09-28'),('3','After Hours','1','The Weeknd','XO',14,'2020-03-20'),('30','Funeral','17','Lil Wayne','Cash Money',8,'2020-01-31'),('31','Damn','18','Kendrick Lamar','Top Dawg',5,'2017-04-14'),('32','To Pimp a Butterfly','18','Kendrick Lamar','Top Dawg',5,'2015-03-15'),('33','Recess','19','Skrillex','STMPD',8,'2014-04-14'),('34','Bylaw','20','Martin Garrix','Big Beat',5,'2018-09-19'),('35','As She Pleases','21','Madison Beer','First Access',7,'2018-02-02'),('36','The Thrill Of It All','22','Sam Smith','Capitol',6,'2017-11-03'),('37','Pray 4 Love','23','Rod Wave','Alamo Records',4,'2020-04-03'),('38','Stoney','24','Post Malone','Republic',3,'2016-12-09'),('39','Beerbongs & Bentleys','24','Post Malone','Republic',4,'2018-04-17'),('4','Purpose','2','Justin Bieber','Island',13,'2015-11-13'),('40','Please Excuse Me for Being Antisocial','25','Roddy Rich','Bird Vision',4,'2019-12-06'),('41','Kirk','26','DaBaby','Interscope',3,'2019-09-27'),('42','Baby On Baby','26','DaBaby','Interscope',5,'2019-03-01'),('43','Harder Than Ever','27','Lil Baby','4PF',2,'2018-05-18'),('44','My Turn','27','Lil Baby','4PF',3,'2020-02-28'),('45','Harry Styles','28','Harry Styles','Erskine',3,'2017-05-12'),('46','Fine Line','28','Harry Styles','Erskine',4,'2019-12-13'),('47','Badlands','29','Halsey','Astralwerks',4,'2015-08-28'),('48','Manic','29','Halsey','Capitol',4,'2020-01-17'),('49','The Fame','30','Lady Gaga','Streamline',3,'2008-08-19'),('5','Changes','2','Justin Bieber','Island',10,'2020-02-14'),('50','Born This Way','30','Lady Gaga','Streamline',5,'2011-05-23'),('51','Red','31','Taylor Swift','Big Machine',2,'2012-10-22'),('52','Lover','31','Taylor Swift','Republic',3,'2019-08-23'),('53','19','32','Adele','XL',4,'2008-01-28'),('54','21','32','Adele','XL',3,'2011-01-24'),('55','Loud','33','Rihanna','Def Jam',5,'2010-11-12'),('56','Anti','33','Rihanna','Def Jam',4,'2016-01-28'),('57','Talk That Talk','33','Rihanna','Westbury Road',5,'2011-11-18'),('58','Prism','34','Katy Perry','Capitol',4,'2013-10-18'),('59','Teenage Dream','34','Katy Perry','Capitol',3,'2010-07-10'),('6','Rare','3','Selena Gomez','Interscope',13,'2020-01-10'),('60','Peligro','35','Shakira','Sony Music',2,'1993-03-25'),('61','Magia','35','Shakira','Sony Music',3,'1991-06-24'),('62','B\'Day','36','Beyonce','Columbia',2,'2006-09-01'),('63','Lemonade','36','Beyonce','Parkwood',3,'2016-04-23'),('64','Can\'t Take Me Home','37','Pink','LaFace',2,'2000-04-04'),('65','Funhouse','37','Pink','LaFace',3,'2008-10-24'),('66','The 20/20 Experience','38','Justin Timberlake','RCA',4,'2013-03-15'),('67','Man Of The Woods','38','Justin Timberlake','RCA',4,'2018-02-02'),('68','Usher','39','Usher','LaFace',3,'1994-08-30'),('69','My Way','39','Usher','LaFace',3,'1997-09-16'),('7','Revival','3','Selena Gomez','Interscope',11,'2015-10-09'),('71','Breakout','40','Miley Cyrus','Hollywood',3,'2008-06-22'),('72','Femme Fatale','41','Britney Spears','Jive',3,'2011-03-26'),('73','Glory','41','Britney Spears','RCA',2,'2016-08-26'),('74','Rebirth','42','Jennifer Lopez','Epic',2,'2005-02-23'),('75','Brave','42','Jennifer Lopez','Epic',3,'2007-10-04'),('76','V','43','Maroon 5','222',3,'2014-07-29'),('77','Red Pill Blues','43','Maroon 5','Interscope',3,'2017-11-03'),('78','Binaural','44','Pearl Jam','Epic',3,'2000-05-16'),('79','Yield','44','Pearl Jam','Epic',3,'1998-02-03'),('8','The Wizrd','4','Future','Profile Records',20,'2019-01-18'),('80','American Teen','45','Khalid','RCA',2,'2017-03-03'),('81','Free Spirit','45','Khalid','RCA',2,'2019-04-05'),('82','Evolve','46','Imagine Dragons','Interscope',2,'2017-06-23'),('83','Origins','46','Imagine Dragons','Interscope',3,'2018-11-09'),('84','Anonymous','47','Blackbear','Interscope',4,'2019-04-26'),('85','Certified Hitmaker','48','Lil Mosey','Interscope',3,'2019-11-08'),('86','Shawn Mendes','49','Shawn Mendes','Island',5,'2018-05-25'),('87','Demi','50','Demi Lovato','Hollywood',4,'2013-05-10'),('88','Confident','50','Demi Lovato','Hollywood',1,'2015-10-16'),('89','Get Lifted','51','John Legend','Columbia',1,'2004-12-28'),('9','Hndrxx','4','Future','Universal',10,'2017-02-24'),('90','Once Again','51','John Legend','Columbia',3,'2006-10-24'),('91','Evolver','51','John Legend','GOOD',3,'2008-10-28'),('92','Eagles','52','Eagles','Asylum',2,'1972-06-01'),('93','Desperado','52','Eagles','Asylum',2,'1973-03-22'),('94','On The Border','52','Eagles','Asylum',2,'1974-03-22'),('95','Channel Orange','53','Frank Ocean','Def Jam',4,'2012-06-10'),('96','Blonde','53','Frank Ocean','Boy\'s Don\'t Cry',3,'2016-07-20'),('97','The Big Day','54','Chance The Rapper','None',1,'2019-06-26'),('98','Eyes & Nines','55','Trash Talk','None',1,'2010-05-18'),('99','Blood Orange','56','Dev Hynes','None',1,'2011-01-11');
/*!40000 ALTER TABLE `albums` ENABLE KEYS */;
UNLOCK TABLES;

--
-- Table structure for table `artists`
--

DROP TABLE IF EXISTS `artists`;
/*!40101 SET @saved_cs_client     = @@character_set_client */;
/*!50503 SET character_set_client = utf8mb4 */;
CREATE TABLE `artists` (
  `artist_id` varchar(20) NOT NULL,
  `name` varchar(20) DEFAULT NULL,
  `email` varchar(30) DEFAULT NULL,
  `passwd` varchar(12) DEFAULT NULL,
  `dob` date DEFAULT NULL,
  `signed` int DEFAULT NULL,
  `gender` varchar(1) DEFAULT NULL,
  `followers` int DEFAULT NULL,
  PRIMARY KEY (`artist_id`)
) ENGINE=InnoDB DEFAULT CHARSET=utf8mb4;
/*!40101 SET character_set_client = @saved_cs_client */;

--
-- Dumping data for table `artists`
--

LOCK TABLES `artists` WRITE;
/*!40000 ALTER TABLE `artists` DISABLE KEYS */;
INSERT INTO `artists` VALUES ('1','The Weeknd','dcarloni0@amazon.co.jp','V6NomLR','1990-02-16',1,'m',313622),('10','Ed Sheeran','jjentges9@psu.edu','zKDDqv','1991-02-17',1,'m',229766),('11','Dua Lipa','obreema@hc360.com','sKcEHQP8k96a','1995-08-22',1,'f',499389),('12','Travis Scott','hleafb@mail.ru','NArG6lULcMLL','1992-04-30',1,'m',399189),('13','The Beatles','mdinglec@mayoclinic.com','vRy7s1PBucF7','1940-10-09',1,'m',550160),('14','Pink Floyd','anultyd@cam.ac.uk','hgr7BH','1997-02-17',1,'m',516216),('15','Fleetwood Mac','psharplesse@ucoz.ru','UqHNbJ','1996-03-18',1,'m',207717),('16','Linkin Park','cchownf@123-reg.co.uk','5WODypybPCZ','1994-05-28',1,'m',540726),('17','Lil Wayne','jsanbrookg@virginia.edu','mtbC8xHI','1993-11-08',1,'m',424882),('18','Kendrick Lamar','lbottlesonh@statcounter.com','YN0Ra6iJfEN','1991-03-10',1,'m',279269),('19','Skrillex','rpauri@bing.com','oblV4Y5','1993-10-27',1,'m',281967),('2','Justin Bieber','wnutman1@bluehost.com','elzGMTCzOe','1994-03-01',1,'m',212565),('20','Martin Garrix','hcolyerj@squarespace.com','LjZgmc3q','1999-08-26',1,'m',425598),('21','Madison Beer','ndevonaldk@xing.com','mO2Pwiy0G6wN','1999-02-08',1,'f',167453),('22','Sam Smith','cdoldenl@blog.com','AX1TBS','1982-12-15',1,'m',568479),('23','Rod Wave','wcosgrivem@boston.com','2betVJE','1987-08-26',1,'m',70835),('24','Post Malone','easkawn@networkadvertising.org','Wbf7HFgul3','1991-08-19',1,'m',437288),('25','Roddy Rich','ejahano@jugem.jp','rDHRx2v','1989-03-08',1,'m',359957),('26','DaBaby','ltugwellp@biglobe.ne.jp','VbdyBIndE','1995-07-27',1,'m',273542),('27','Lil Baby','giremongerq@surveymonkey.com','tJnAdtwe','1990-08-24',1,'m',160784),('28','Harry Styles','gcaneyr@goo.ne.jp','8hYfckrsHr7','1984-05-02',1,'m',112194),('29','Halsey','mgarners@reuters.com','t4ZG28ocRv7','1986-10-08',1,'f',106234),('3','Selena Gomez','bsumner2@prnewswire.com','Cs8OAboE','1992-07-22',1,'f',206767),('30','Lady Gaga','aboultont@gmpg.org','JRitCC3xjl','1997-03-20',1,'f',297286),('31','Taylor Swift','fbougheyu@youku.com','xdc7bfm','1998-03-31',1,'f',150298),('32','Adele','rwestleyv@pagesperso-orange.fr','ji2zk0uZ2X','1986-08-06',1,'f',142554),('33','Rihanna','nolunnyw@google.it','cu0eDRnG','1986-10-22',1,'f',364007),('34','Katy Perry','dminardx@com.com','cVO6li','1992-02-01',1,'f',329668),('35','Shakira','rduxburyy@aol.com','p8frTr','1983-07-05',1,'f',596845),('36','Beyonce','cbabcockz@google.co.uk','Rf4ecK','1996-05-14',1,'f',517253),('37','Pink','rlanchbery10@aol.com','LTUthb7dYbs','1992-06-23',1,'f',168502),('38','Justin Timberlake','fletchmore11@loc.gov','u38qERlr3Kh7','1981-03-02',1,'m',141588),('39','Usher','araggatt12@xinhuanet.com','Pab0ct2','1990-01-30',1,'m',426435),('4','Future','crosencwaig3@utexas.edu','j8MjSc0m2x','1983-11-20',1,'m',415622),('40','Miley Cyrus','sthoumas13@china.com.cn','mRaTcbt4ozmv','1984-04-13',1,'f',109388),('41','Britney Spears','dmcskeagan14@imgur.com','thF3xQsDpQ6','1991-05-15',1,'f',312632),('42','Jennifer Lopez','orobottham15@google.ca','4YKhhK','1998-12-20',1,'f',344689),('43','Maroon 5','fsoutter16@biglobe.ne.jp','fzh4Z7','1994-04-21',1,'m',222733),('44','Khalid','cmarris17@dropbox.com','lU0wBmbmnBup','1999-11-08',1,'m',484112),('45','Pearl Jam','fhyslop18@feedburner.com','8I9EHZTTP','1984-03-06',1,'m',495568),('46','Imagine Dragons','dfilinkov19@github.io','wJ9XXzxkF','1999-07-09',1,'m',396969),('47','Blackbear','fbernardi1a@elegantthemes.com','pypufVFTsg','1996-04-04',1,'m',311985),('48','Lil Mosey','cmacandrew1b@facebook.com','aa96WXTq4bD','1996-03-08',1,'m',196874),('49','Shawn Mendes','kcowerd1c@netscape.com','4S4eg2U','1993-03-14',1,'m',329514),('5','Drake','elegassick4@imdb.com','DfzJn0wAQSj1','1986-10-24',1,'m',290891),('50','Demi Lovato','gransley1d@google.co.uk','Ea47gc2','1984-04-16',1,'f',132454),('51','John Legend','bmckennan1e@chicagotribune.com','i41hLO6rT4','1988-05-05',1,'m',197456),('52','Eagles','fmummery1f@go.com','HFTLE2T8tB','1994-01-28',1,'m',428028),('53','Frank Ocean','cjedrzejewski1g@chron.com','GwzTuCPT','1984-07-26',1,'m',558722),('54','Chance The Rapper','wmeriton1h@flickr.com','eWm0eT3G','1992-03-29',0,'m',163162),('55','Trash Talk','nrizzo1i@stanford.edu','LpbXUP9X','1992-06-29',0,'m',290830),('56','Dev Hynes','bnorcock1j@furl.net','hGjmxl','1987-11-03',0,'m',441008),('57','Thundercat','adameisele1k@wikipedia.org','D8as4ibqN','1996-07-04',0,'m',488865),('58','Odd Future','fneild1l@ebay.co.uk','cZRFCXH','1987-10-15',0,'m',53232),('59','MF Doom','lcragell1m@google.cn','TtRGcQAkQ','1986-08-17',0,'m',574661),('6','Lil Uzi Vert','kbellingham5@google.cn','PBQ9q4','1994-07-31',1,'m',227450),('60','Flying Lotus','opage1n@pagesperso-orange.fr','L0TvdTTPHskt','1992-12-24',0,'m',296549),('7','Bruno Mars','tpane6@dedecms.com','z41yqs7BxNQj','1985-10-08',1,'m',456674),('8','Calvin Harris','cespinosa7@yellowbook.com','6Zb862Kg','1984-01-17',1,'m',275652),('9','Coldplay','afirk8@cafepress.com','8X5d3m2veu','1977-03-02',1,'m',564617);
/*!40000 ALTER TABLE `artists` ENABLE KEYS */;
UNLOCK TABLES;

--
-- Table structure for table `connections`
--

DROP TABLE IF EXISTS `connections`;
/*!40101 SET @saved_cs_client     = @@character_set_client */;
/*!50503 SET character_set_client = utf8mb4 */;
CREATE TABLE `connections` (
  `u_id1` varchar(10) NOT NULL,
  `u_id2` varchar(10) NOT NULL,
  `co_songs` int NOT NULL,
  `co_artists` int NOT NULL,
  `co_albums` int NOT NULL,
  `curr_genre` varchar(10) NOT NULL,
  PRIMARY KEY (`u_id1`,`u_id2`)
) ENGINE=InnoDB DEFAULT CHARSET=utf8mb4 ;
/*!40101 SET character_set_client = @saved_cs_client */;

--
-- Dumping data for table `connections`
--

LOCK TABLES `connections` WRITE;
/*!40000 ALTER TABLE `connections` DISABLE KEYS */;
INSERT INTO `connections` VALUES ('103','18',61,46,15,'Folk'),('103','62',436,34,103,'Country'),('105','155',398,5,44,'Rock'),('105','83',450,47,49,'Hip-hop'),('107','100',148,11,99,'Rock'),('108','190',376,4,55,'Hip-hop'),('108','37',392,19,15,'Folk'),('109','197',85,21,64,'Hip-hop'),('109','95',290,18,56,'Rock'),('11','146',219,18,20,'Rock'),('110','68',483,38,49,'Rock'),('111','112',117,34,60,'Classical'),('111','198',284,27,76,'Blues'),('114','43',390,48,90,'Rock'),('118','106',441,38,97,'Hip-hop'),('12','21',310,33,88,'Folk'),('120','128',398,16,53,'Folk'),('120','192',276,50,89,'Rock'),('122','144',372,42,8,'Hip-hop'),('123','84',477,43,86,'Rock'),('123','9',12,11,49,'Blues'),('125','149',474,16,102,'Country'),('127','71',493,16,36,'Folk'),('128','195',331,39,38,'Rock'),('13','111',450,37,4,'Country'),('13','135',270,50,71,'Hip-hop'),('13','152',50,39,65,'Rock'),('133','118',452,17,44,'Electronic'),('135','88',216,11,48,'Hip-hop'),('136','62',389,12,59,'Hip-hop'),('137','142',34,20,20,'Hip-hop'),('143','192',111,43,77,'Blues'),('145','151',327,30,52,'Hip-hop'),('145','73',120,9,62,'Hip-hop'),('146','19',409,46,11,'Hip-hop'),('146','77',452,45,53,'Country'),('147','111',437,49,79,'Hip-hop'),('147','129',434,30,97,'Hip-hop'),('149','6',309,11,5,'Folk'),('15','78',490,42,69,'Electronic'),('150','67',382,32,13,'Country'),('151','119',473,2,100,'Hip-hop'),('153','63',310,37,52,'Country'),('153','84',273,46,94,'Country'),('154','179',38,18,56,'Blues'),('155','16',285,15,11,'Blues'),('156','141',367,19,91,'Blues'),('156','163',122,32,68,'Hip-hop'),('156','169',474,36,95,'Hip-hop'),('158','29',18,7,93,'Folk'),('16','186',22,42,40,'Hip-hop'),('160','10',62,16,66,'Jazz'),('162','135',67,35,83,'Classical'),('163','146',231,28,94,'Rock'),('168','186',62,3,68,'Hip-hop'),('168','70',67,3,76,'Folk'),('169','87',259,24,93,'Electronic'),('169','88',308,23,70,'Blues'),('171','43',464,44,22,'Rock'),('173','41',432,47,21,'Hip-hop'),('175','101',144,3,70,'Classical'),('175','93',50,42,50,'Hip-hop'),('176','114',166,32,101,'Hip-hop'),('178','109',474,2,10,'Rock'),('178','43',130,24,9,'Folk'),('18','54',101,33,5,'Hip-hop'),('180','6',120,2,6,'Jazz'),('182','3',357,1,60,'Jazz'),('184','16',290,34,67,'Hip-hop'),('184','180',104,22,94,'Hip-hop'),('184','194',426,34,30,'Country'),('185','12',145,22,1,'Folk'),('194','2',313,16,7,'Hip-hop'),('197','83',375,14,102,'Hip-hop'),('199','177',99,20,3,'Hip-hop'),('20','104',138,2,15,'Blues'),('20','168',321,1,3,'Rock'),('21','61',231,45,64,'Country'),('21','85',206,34,51,'Hip-hop'),('24','175',436,34,16,'Folk'),('25','165',50,35,40,'Hip-hop'),('25','91',150,6,81,'Rock'),('28','111',355,10,79,'Country'),('28','190',407,49,55,'Hip-hop'),('3','169',182,1,59,'Country'),('32','100',370,11,3,'Hip-hop'),('34','67',309,23,15,'Hip-hop'),('34','92',64,16,101,'Hip-hop'),('35','70',158,25,17,'Rock'),('36','88',171,19,25,'Hip-hop'),('37','157',238,28,27,'Folk'),('41','56',399,50,33,'Blues'),('42','148',445,41,2,'Country'),('42','194',457,17,34,'Blues'),('42','6',450,41,102,'Country'),('43','97',126,22,40,'Folk'),('44','169',472,24,67,'Blues'),('45','23',238,46,62,'Folk'),('48','199',433,50,6,'Blues'),('49','115',84,43,6,'Rock'),('49','172',234,24,74,'Rock'),('5','70',468,5,62,'Hip-hop'),('50','190',65,27,100,'Folk'),('51','65',207,30,8,'Blues'),('51','71',330,24,56,'Rock'),('52','7',69,50,73,'Folk'),('52','70',388,14,97,'Folk'),('55','61',60,27,89,'Blues'),('56','180',445,2,59,'Hip-hop'),('57','109',307,45,69,'Hip-hop'),('57','95',394,41,23,'Folk'),('59','161',326,5,9,'Folk'),('6','199',19,29,37,'Jazz'),('6','69',43,21,60,'Hip-hop'),('60','46',474,10,7,'Jazz'),('61','141',87,14,14,'Blues'),('61','60',159,12,35,'Classical'),('61','72',358,17,66,'Hip-hop'),('62','156',398,14,64,'Country'),('62','84',284,32,47,'Country'),('63','105',95,47,31,'Classical'),('67','101',453,29,12,'Rock'),('7','13',202,28,2,'Hip-hop'),('70','119',90,30,5,'Country'),('70','186',116,7,65,'Folk'),('72','93',454,40,12,'Blues'),('8','114',108,2,64,'Hip-hop'),('81','43',441,9,57,'Hip-hop'),('86','116',66,18,55,'Electronic'),('87','167',271,5,66,'Country'),('87','22',105,43,21,'Hip-hop'),('89','33',305,30,80,'Hip-hop'),('93','79',205,28,20,'Electronic'),('94','8',293,40,67,'Rock'),('95','44',347,41,88,'Folk'),('97','137',362,35,4,'Hip-hop'),('97','162',304,26,100,'Hip-hop'),('98','145',10,15,59,'Blues'),('99','196',165,43,76,'Rock');
/*!40000 ALTER TABLE `connections` ENABLE KEYS */;
UNLOCK TABLES;

--
-- Table structure for table `fav_albums`
--

DROP TABLE IF EXISTS `fav_albums`;
/*!40101 SET @saved_cs_client     = @@character_set_client */;
/*!50503 SET character_set_client = utf8mb4 */;
CREATE TABLE `fav_albums` (
  `user_id` varchar(10) NOT NULL,
  `album_id` varchar(10) NOT NULL,
  PRIMARY KEY (`user_id`,`album_id`),
  KEY `album_id` (`album_id`),
  CONSTRAINT `fav_albums_ibfk_1` FOREIGN KEY (`user_id`) REFERENCES `users` (`user_id`),
  CONSTRAINT `fav_albums_ibfk_2` FOREIGN KEY (`album_id`) REFERENCES `albums` (`album_id`)
) ENGINE=InnoDB DEFAULT CHARSET=utf8mb4 ;
/*!40101 SET character_set_client = @saved_cs_client */;

--
-- Dumping data for table `fav_albums`
--

LOCK TABLES `fav_albums` WRITE;
/*!40000 ALTER TABLE `fav_albums` DISABLE KEYS */;
INSERT INTO `fav_albums` VALUES ('102','1'),('114','1'),('162','10'),('74','100'),('154','101'),('2','101'),('24','101'),('37','101'),('49','101'),('57','101'),('3','102'),('131','11'),('197','11'),('103','12'),('143','12'),('42','13'),('45','13'),('140','14'),('54','15'),('181','16'),('34','16'),('101','17'),('132','17'),('157','17'),('183','17'),('192','17'),('11','19'),('14','19'),('79','19'),('86','19'),('90','19'),('117','2'),('44','2'),('170','20'),('9','20'),('136','21'),('94','21'),('184','22'),('189','22'),('23','22'),('141','23'),('70','23'),('135','24'),('53','24'),('182','25'),('6','25'),('72','25'),('83','25'),('25','26'),('52','26'),('55','27'),('89','27'),('12','28'),('152','29'),('50','3'),('76','30'),('26','31'),('10','32'),('191','32'),('65','32'),('78','32'),('40','33'),('67','34'),('112','35'),('87','36'),('5','37'),('69','37'),('75','38'),('130','4'),('43','4'),('60','4'),('156','40'),('30','40'),('93','40'),('106','41'),('150','41'),('61','41'),('110','42'),('145','42'),('151','42'),('161','42'),('149','43'),('158','43'),('160','43'),('33','43'),('104','44'),('107','44'),('105','45'),('99','46'),('17','47'),('111','48'),('62','48'),('95','49'),('173','5'),('180','5'),('58','5'),('80','5'),('29','50'),('41','50'),('172','51'),('196','51'),('169','52'),('71','52'),('88','52'),('28','53'),('77','53'),('1','54'),('193','54'),('22','54'),('142','55'),('15','55'),('198','55'),('200','55'),('66','55'),('179','56'),('133','57'),('138','57'),('20','57'),('7','58'),('148','59'),('16','59'),('194','59'),('199','59'),('36','59'),('159','6'),('4','6'),('113','61'),('118','61'),('139','61'),('167','61'),('122','62'),('35','62'),('39','62'),('174','63'),('31','63'),('165','64'),('144','65'),('59','65'),('120','66'),('177','67'),('164','68'),('84','69'),('126','7'),('155','7'),('21','7'),('123','71'),('187','71'),('13','72'),('108','74'),('146','75'),('175','75'),('48','75'),('121','77'),('82','77'),('166','78'),('115','79'),('127','8'),('163','8'),('125','80'),('176','80'),('195','80'),('92','80'),('128','81'),('190','81'),('32','81'),('47','81'),('73','81'),('168','82'),('96','82'),('100','83'),('124','83'),('27','84'),('91','86'),('129','87'),('64','87'),('134','88'),('137','88'),('147','89'),('186','9'),('8','9'),('56','90'),('171','91'),('51','91'),('63','91'),('98','91'),('19','92'),('68','92'),('81','92'),('85','92'),('97','92'),('119','93'),('116','94'),('18','94'),('38','94'),('185','95'),('153','96'),('178','97'),('188','97'),('46','98'),('109','99');
/*!40000 ALTER TABLE `fav_albums` ENABLE KEYS */;
UNLOCK TABLES;

--
-- Table structure for table `fav_artists`
--

DROP TABLE IF EXISTS `fav_artists`;
/*!40101 SET @saved_cs_client     = @@character_set_client */;
/*!50503 SET character_set_client = utf8mb4 */;
CREATE TABLE `fav_artists` (
  `user_id` varchar(10) NOT NULL,
  `artist_id` varchar(10) NOT NULL,
  PRIMARY KEY (`user_id`,`artist_id`),
  KEY `artist_id` (`artist_id`),
  CONSTRAINT `fav_artists_ibfk_1` FOREIGN KEY (`user_id`) REFERENCES `users` (`user_id`),
  CONSTRAINT `fav_artists_ibfk_2` FOREIGN KEY (`artist_id`) REFERENCES `artists` (`artist_id`)
) ENGINE=InnoDB DEFAULT CHARSET=utf8mb4 ;
/*!40101 SET character_set_client = @saved_cs_client */;

--
-- Dumping data for table `fav_artists`
--

LOCK TABLES `fav_artists` WRITE;
/*!40000 ALTER TABLE `fav_artists` DISABLE KEYS */;
INSERT INTO `fav_artists` VALUES ('14','1'),('80','1'),('41','10'),('44','10'),('131','11'),('32','11'),('34','11'),('55','11'),('152','12'),('183','12'),('61','12'),('86','12'),('178','13'),('38','13'),('77','13'),('115','14'),('179','14'),('1','15'),('45','15'),('110','16'),('26','16'),('50','16'),('43','17'),('69','17'),('89','17'),('147','18'),('155','18'),('172','18'),('88','18'),('143','19'),('186','19'),('19','19'),('7','19'),('102','2'),('9','2'),('112','20'),('114','20'),('118','20'),('137','20'),('150','20'),('176','20'),('33','20'),('35','20'),('56','20'),('60','20'),('73','20'),('82','20'),('92','20'),('166','21'),('187','21'),('68','21'),('175','22'),('37','22'),('107','23'),('151','23'),('177','23'),('194','23'),('199','23'),('54','23'),('190','24'),('193','24'),('11','25'),('140','25'),('57','27'),('141','28'),('24','28'),('64','28'),('106','29'),('20','29'),('87','29'),('90','29'),('116','3'),('134','3'),('149','3'),('165','3'),('184','3'),('185','3'),('136','30'),('160','30'),('161','30'),('109','31'),('167','31'),('173','31'),('27','31'),('72','31'),('75','31'),('105','32'),('169','32'),('170','32'),('6','32'),('99','32'),('103','33'),('12','33'),('180','33'),('171','34'),('104','35'),('15','35'),('49','35'),('59','35'),('98','35'),('148','36'),('122','37'),('133','37'),('22','37'),('21','38'),('117','39'),('125','39'),('142','39'),('159','39'),('156','4'),('130','40'),('18','40'),('28','40'),('10','41'),('17','41'),('81','41'),('96','41'),('135','42'),('146','42'),('108','43'),('145','43'),('101','44'),('154','44'),('158','44'),('198','44'),('8','44'),('94','44'),('48','45'),('63','45'),('30','46'),('46','46'),('53','46'),('192','47'),('42','47'),('65','47'),('100','48'),('127','48'),('129','48'),('29','48'),('79','48'),('85','48'),('95','48'),('16','49'),('163','49'),('23','49'),('25','49'),('78','49'),('188','5'),('189','5'),('83','5'),('119','50'),('197','50'),('5','50'),('123','51'),('124','51'),('153','51'),('174','51'),('182','51'),('36','51'),('51','51'),('62','51'),('67','51'),('84','52'),('91','52'),('97','52'),('113','53'),('164','53'),('4','53'),('111','54'),('120','54'),('126','54'),('47','54'),('31','55'),('58','55'),('71','55'),('76','55'),('139','56'),('168','56'),('74','56'),('93','56'),('2','57'),('144','58'),('196','58'),('181','59'),('200','59'),('3','59'),('40','59'),('13','6'),('132','6'),('66','6'),('157','60'),('195','60'),('191','7'),('121','8'),('138','8'),('39','8'),('70','8'),('128','9'),('162','9'),('52','9');
/*!40000 ALTER TABLE `fav_artists` ENABLE KEYS */;
UNLOCK TABLES;

--
-- Table structure for table `labels`
--

DROP TABLE IF EXISTS `labels`;
/*!40101 SET @saved_cs_client     = @@character_set_client */;
/*!50503 SET character_set_client = utf8mb4 */;
CREATE TABLE `labels` (
  `label_id` varchar(20) NOT NULL,
  `name` varchar(20) NOT NULL,
  `email` varchar(32) NOT NULL,
  `passwd` varchar(12) NOT NULL,
  `no_of_artists` int NOT NULL,
  PRIMARY KEY (`label_id`)
) ENGINE=InnoDB DEFAULT CHARSET=utf8mb4 ;
/*!40101 SET character_set_client = @saved_cs_client */;

--
-- Dumping data for table `labels`
--

LOCK TABLES `labels` WRITE;
/*!40000 ALTER TABLE `labels` DISABLE KEYS */;
INSERT INTO `labels` VALUES ('1','222','hlaurand0@theguardian.com','Rb4dL9hCQ1',1),('10','Capitol','blots9@nymag.com','LtGXCmKCr',4),('11','Cash Money','ggumeya@weebly.com','blHePa9ePQvX',3),('12','Columbia','zdunkerlyb@fema.gov','AK86QzLx',3),('13','Def Jam','sinderc@who.int','cBOUymbZm',3),('14','Epic','cmoverleyd@cloudflare.com','QkIpit2',4),('15','Erskine','dyuryeve@redcross.org','ESuJRhVuMF',2),('16','First Access','gokennyf@tiny.cc','oLRFZwQ6c',1),('17','GOOD','csulterg@printfriendly.com','NwjNnBadZ45',1),('18','Hollywood','mwayneh@comcast.net','f2z6PO',3),('19','Interscope','nmerwoodi@hubpages.com','8MtlrYb',9),('2','4PF','zingrey1@ted.com','F2Y8e4',2),('20','Island','breynoldsj@ehow.com','J1xApyPF3WvH',3),('21','Jive','wcadamyk@archive.org','oXqSwwX',1),('22','LaFace','bstaddonl@hatena.ne.jp','TNZGcany2LE4',4),('23','Parkwood','lkinzem@yahoo.co.jp','NleL6H1BDn',1),('24','ParloPhone','mmanassn@spotify.com','3SL9vBPISyOi',2),('25','RCA','mtanzero@wisc.edu','kiYOoGaDfrP',6),('26','Republic','jmaccrachenp@drupal.org','uN6Hhv',3),('27','Sony Music','rbemmentq@slashdot.org','FXPjAzA',2),('28','STMPD','rriefr@java.com','YQjtSA38iqu',1),('29','Streamline','vcutcliffes@cnn.com','KomCs50ZH',2),('3','Alamo Records','dgainsboro2@google.com','TyawdIQdRrH',1),('30','Top Dawg','lburgest@newsvine.com','UpnJZkg0o9',2),('31','Warner','dtyreru@multiply.com','6FPWXU3t',4),('32','Westbury Road','ncourtmanv@noaa.gov','3kEwGCinvHRY',1),('33','XL','hbasindalew@adobe.com','4weNhnph',2),('34','XO','agirdwoodx@google.fr','RTDAhYXi8',3),('35','Deluxe Records','tbampfordy@bravesites.com','BxNJBYRkC6',2),('36','Infinity Records','abaythropz@nytimes.com','i2PZoWS1Jbe',3),('37','Profile Records','cmccobb10@usatoday.com','b47a9oD',1),('38','Universal','cboeck11@state.tx.us','zOp2GWoh9sce',1),('39','BMG','dtwelvetree12@seesaa.net','Gq30vDR',1),('4','Astralwerks','lgiacomasso3@creativecommons.org','ZHH3kDaf8hYj',1),('40','ABC','kgrabb13@microsoft.com','uFNsOd0jJ',1),('41','Virgin Records','sleasor14@simplemachines.org','ly39b9SR',2),('42','Red Hill','efilkin15@techcrunch.com','99R6ns11',1),('43','Beyond Records','efarraway16@squidoo.com','ME9fWJwLjpd0',1),('44','D Records','cmichiel17@jiathis.com','Tevsv0',0),('45','EMI Records','crospars18@mlb.com','iuw0gaF2',0),('46','Fever','mclausewitz19@blog.com','0lxZguzbW',0),('47','Galaxy','dfigliovanni1a@hugedomains.com','1wocD7w',0),('48','Studio One','odemangeon1b@last.fm','0d17FB8f',0),('49','Secret','llarchier1c@meetup.com','07P2reHiSXRE',0),('5','Asylum','tjeenes4@devhub.com','cx14O4h0sG',4),('50','Silver Planet','bbarday1d@intel.com','nGirPrO',0),('51','Team Love','wrainger1e@marriott.com','J8wPxcyeTf5',0),('6','Big Beat','kcancellor5@discuz.net','WDxRuol',1),('7','Big Machine','kantoniottii6@weibo.com','gGoaxnBb5o',1),('8','Bird Vision','ngundrey7@wix.com','ns8LuNspt34',1),('9','Boy\'s Don\'t Cry','apinchback8@shinystat.com','2LHLpTr',1);
/*!40000 ALTER TABLE `labels` ENABLE KEYS */;
UNLOCK TABLES;

--
-- Table structure for table `playlists`
--

DROP TABLE IF EXISTS `playlists`;
/*!40101 SET @saved_cs_client     = @@character_set_client */;
/*!50503 SET character_set_client = utf8mb4 */;
CREATE TABLE `playlists` (
  `user_id` varchar(10) NOT NULL,
  `list_id` varchar(10) NOT NULL,
  `list_name` varchar(10) NOT NULL,
  `song_id` varchar(10) NOT NULL,
  PRIMARY KEY (`user_id`,`list_id`,`song_id`),
  CONSTRAINT `playlists_ibfk_1` FOREIGN KEY (`user_id`) REFERENCES `users` (`user_id`)
) ENGINE=InnoDB DEFAULT CHARSET=utf8mb4 ;
/*!40101 SET character_set_client = @saved_cs_client */;

--
-- Dumping data for table `playlists`
--

LOCK TABLES `playlists` WRITE;
/*!40000 ALTER TABLE `playlists` DISABLE KEYS */;
INSERT INTO `playlists` VALUES ('1','1','Pelican','1'),('1','1','Pelican','113'),('1','1','Pelican','408'),('1','1','Pelican','476'),('1','1','Pelican','482'),('1','1','Pelican','483'),('101','41','moodd','129'),('101','41','moodd','42'),('107','42','offday','178'),('107','42','offday','201'),('107','42','offday','216'),('107','42','offday','223'),('107','42','offday','294'),('107','42','offday','340'),('107','42','offday','398'),('107','42','offday','498'),('107','42','offday','87'),('111','43','right','121'),('111','43','right','26'),('111','43','right','331'),('111','43','right','446'),('12','6','Relax','188'),('12','6','Relax','498'),('12','6','Relax','8'),('12','6','Relax','80'),('123','44','slow','100'),('123','44','slow','115'),('123','44','slow','138'),('123','44','slow','191'),('123','44','slow','301'),('123','44','slow','334'),('132','45','cringy','114'),('132','45','cringy','131'),('132','45','cringy','171'),('132','45','cringy','188'),('132','45','cringy','219'),('132','45','cringy','386'),('132','45','cringy','96'),('14','7','Chill','103'),('14','7','Chill','213'),('14','7','Chill','287'),('14','7','Chill','340'),('14','7','Chill','80'),('141','46','hmmm','113'),('141','46','hmmm','303'),('141','46','hmmm','374'),('141','46','hmmm','397'),('141','46','hmmm','454'),('141','46','hmmm','468'),('141','46','hmmm','477'),('143','47','enough','192'),('143','47','enough','248'),('143','47','enough','272'),('143','47','enough','375'),('143','47','enough','416'),('143','47','enough','42'),('143','47','enough','420'),('143','47','enough','438'),('154','48','spike','163'),('154','48','spike','26'),('154','48','spike','367'),('154','48','spike','378'),('154','48','spike','42'),('154','48','spike','438'),('154','48','spike','473'),('154','48','spike','481'),('16','8','Mypla','108'),('16','8','Mypla','123'),('16','8','Mypla','170'),('16','8','Mypla','177'),('16','8','Mypla','200'),('16','8','Mypla','269'),('16','8','Mypla','454'),('161','49','fav','140'),('161','49','fav','19'),('161','49','fav','232'),('161','49','fav','34'),('161','49','fav','411'),('161','49','fav','437'),('161','49','fav','442'),('161','49','fav','465'),('176','50','nah','153'),('176','51','trip','178'),('176','51','trip','227'),('176','51','trip','279'),('176','51','trip','320'),('176','51','trip','394'),('178','52','road','168'),('178','52','road','171'),('178','52','road','178'),('178','52','road','440'),('178','52','road','57'),('178','52','road','6'),('19','9','SadList','181'),('19','9','SadList','339'),('19','9','SadList','344'),('19','9','SadList','436'),('19','9','SadList','78'),('194','53','sleep','105'),('194','53','sleep','137'),('194','53','sleep','162'),('194','53','sleep','200'),('194','53','sleep','396'),('194','53','sleep','411'),('194','53','sleep','423'),('194','53','sleep','486'),('20','10','Happy','128'),('20','10','Happy','151'),('20','10','Happy','230'),('20','10','Happy','255'),('20','10','Happy','406'),('20','10','Happy','427'),('20','10','Happy','452'),('22','11','Hog','10'),('22','11','Hog','130'),('22','11','Hog','190'),('22','11','Hog','269'),('22','11','Hog','422'),('22','11','Hog','80'),('23','12','Nyala','107'),('23','12','Nyala','186'),('23','12','Nyala','464'),('24','13','Tt','226'),('24','13','Tt','471'),('25','14','Yesss','292'),('25','14','Yesss','389'),('25','14','Yesss','418'),('25','14','Yesss','9'),('26','15','Spoo','197'),('26','15','Spoo','219'),('26','15','Spoo','26'),('26','15','Spoo','307'),('26','15','Spoo','33'),('26','15','Spoo','357'),('26','15','Spoo','374'),('26','15','Spoo','434'),('26','15','Spoo','440'),('27','16','sd','168'),('27','16','sd','311'),('27','16','sd','383'),('28','17','dec','152'),('28','17','dec','177'),('28','17','dec','300'),('29','18','wee','195'),('29','18','wee','221'),('29','18','wee','276'),('29','18','wee','32'),('29','18','wee','405'),('29','18','wee','469'),('3','2','Deer','159'),('3','2','Deer','385'),('3','2','Deer','457'),('31','19','our','142'),('31','19','our','147'),('31','19','our','152'),('31','19','our','210'),('31','19','our','331'),('31','19','our','480'),('34','20','love','292'),('34','20','love','348'),('34','20','love','414'),('34','20','love','428'),('34','20','love','55'),('34','20','love','59'),('4','3','Tree','37'),('4','3','Tree','458'),('4','3','Tree','63'),('40','21','fall','108'),('40','21','fall','238'),('40','21','fall','3'),('40','21','fall','350'),('40','21','fall','387'),('40','21','fall','406'),('40','21','fall','425'),('40','21','fall','478'),('40','21','fall','55'),('40','21','fall','58'),('42','22','Epic','102'),('42','22','Epic','121'),('42','22','Epic','229'),('42','22','Epic','236'),('42','22','Epic','273'),('54','23','AllTime','160'),('54','23','AllTime','362'),('54','23','AllTime','395'),('54','23','AllTime','423'),('54','23','AllTime','448'),('55','24','daily','109'),('55','24','daily','193'),('55','24','daily','303'),('55','24','daily','456'),('55','24','daily','7'),('56','25','mys','108'),('56','25','mys','144'),('56','25','mys','267'),('56','25','mys','397'),('56','25','mys','425'),('56','25','mys','436'),('59','26','lkef','180'),('59','26','lkef','222'),('59','26','lkef','255'),('59','26','lkef','278'),('59','26','lkef','293'),('59','26','lkef','4'),('59','26','lkef','62'),('60','27','mera','202'),('60','27','mera','293'),('60','27','mera','457'),('60','27','mera','487'),('60','27','mera','71'),('62','28','tera','113'),('62','28','tera','242'),('62','28','tera','342'),('62','28','tera','458'),('62','28','tera','481'),('62','28','tera','57'),('62','28','tera','60'),('62','29','crazy','100'),('62','29','crazy','11'),('62','29','crazy','118'),('62','29','crazy','220'),('62','29','crazy','289'),('62','29','crazy','359'),('62','29','crazy','413'),('64','30','hips','177'),('64','30','hips','230'),('64','30','hips','64'),('64','30','hips','96'),('65','31','dawgs','149'),('65','31','dawgs','156'),('65','31','dawgs','202'),('65','31','dawgs','256'),('65','31','dawgs','454'),('65','31','dawgs','472'),('65','31','dawgs','69'),('65','31','dawgs','87'),('66','32','mate','227'),('66','32','mate','338'),('67','33','friends','116'),('67','33','friends','125'),('67','33','friends','173'),('67','33','friends','246'),('67','33','friends','278'),('67','33','friends','341'),('67','33','friends','416'),('68','34','ff','203'),('68','34','ff','409'),('69','35','pop','12'),('69','35','pop','232'),('69','35','pop','257'),('69','35','pop','310'),('69','36','purple','310'),('69','36','purple','341'),('69','36','purple','359'),('69','36','purple','415'),('69','36','purple','446'),('69','36','purple','455'),('7','4','Nile','105'),('7','4','Nile','155'),('7','4','Nile','192'),('70','37','lee','121'),('70','37','lee','198'),('70','37','lee','228'),('70','37','lee','356'),('70','37','lee','45'),('78','38','vikings','14'),('78','38','vikings','152'),('78','38','vikings','161'),('78','38','vikings','224'),('78','38','vikings','268'),('78','38','vikings','296'),('78','38','vikings','337'),('78','38','vikings','447'),('78','38','vikings','454'),('78','38','vikings','464'),('78','38','vikings','7'),('8','5','Hits','209'),('8','5','Hits','260'),('8','5','Hits','453'),('89','39','country','171'),('89','39','country','174'),('89','39','country','199'),('89','39','country','278'),('89','39','country','54'),('89','39','country','55'),('90','40','lesli','2'),('90','40','lesli','370'),('90','40','lesli','41'),('90','40','lesli','43'),('90','40','lesli','44'),('90','40','lesli','45'),('90','40','lesli','497');
/*!40000 ALTER TABLE `playlists` ENABLE KEYS */;
UNLOCK TABLES;

--
-- Table structure for table `recommended`
--

DROP TABLE IF EXISTS `recommended`;
/*!40101 SET @saved_cs_client     = @@character_set_client */;
/*!50503 SET character_set_client = utf8mb4 */;
CREATE TABLE `recommended` (
  `genre` varchar(10) NOT NULL,
  `artist_id` varchar(10) NOT NULL,
  `song_id` varchar(10) NOT NULL,
  `artist_name` varchar(20) NOT NULL,
  PRIMARY KEY (`genre`,`song_id`),
  KEY `artist_id` (`artist_id`),
  CONSTRAINT `recommended_ibfk_1` FOREIGN KEY (`artist_id`) REFERENCES `artists` (`artist_id`)
) ENGINE=InnoDB DEFAULT CHARSET=utf8mb4 ;
/*!40101 SET character_set_client = @saved_cs_client */;

--
-- Dumping data for table `recommended`
--

LOCK TABLES `recommended` WRITE;
/*!40000 ALTER TABLE `recommended` DISABLE KEYS */;
INSERT INTO `recommended` VALUES ('Blues','1','1','The Weeknd'),('Blues','1','2','The Weeknd'),('Blues','1','3','The Weeknd'),('Blues','21','303','Madison Beer'),('Blues','21','304','Madison Beer'),('Blues','21','305','Madison Beer'),('Blues','21','306','Madison Beer'),('Blues','22','310','Sam Smith'),('Blues','22','311','Sam Smith'),('Blues','23','316','Rod Wave'),('Blues','23','317','Rod Wave'),('Blues','23','318','Rod Wave'),('Blues','24','320','Post Malone'),('Blues','24','321','Post Malone'),('Blues','43','444','Maroon 5'),('Classical','10','196','Ed Sheeran'),('Classical','14','239','Pink Floyd'),('Classical','14','240','Pink Floyd'),('Classical','14','242','Pink Floyd'),('Classical','41','434','Britney Spears'),('Classical','43','445','Maroon 5'),('Classical','50','479','Demi Lovato'),('Classical','51','483','John Legend'),('Classical','51','484','John Legend'),('Classical','51','485','John Legend'),('Classical','52','489','Eagles'),('Classical','52','490','Eagles'),('Classical','52','491','Eagles'),('Classical','53','495','Frank Ocean'),('Classical','53','496','Frank Ocean'),('Classical','53','497','Frank Ocean'),('Classical','53','498','Frank Ocean'),('Country','10','197','Ed Sheeran'),('Country','28','345','Harry Styles'),('Country','28','346','Harry Styles'),('Country','28','347','Harry Styles'),('Country','29','351','Halsey'),('Country','29','352','Halsey'),('Country','34','393','Katy Perry'),('Country','34','394','Katy Perry'),('Country','41','435','Britney Spears'),('Country','43','446','Maroon 5'),('Country','44','450','Pearl Jam'),('Country','44','451','Pearl Jam'),('Country','44','452','Pearl Jam'),('Country','45','456','Khalid'),('Country','45','457','Khalid'),('Country','45','458','Khalid'),('Country','46','460','Imagine Dragons'),('Country','46','461','Imagine Dragons'),('Country','46','462','Imagine Dragons'),('Country','47','465','Blackbear'),('Country','47','466','Blackbear'),('Country','47','467','Blackbear'),('Country','48','469','Lil Mosey'),('Country','49','472','Shawn Mendes'),('Country','49','473','Shawn Mendes'),('Country','49','474','Shawn Mendes'),('Country','50','477','Demi Lovato'),('Country','50','478','Demi Lovato'),('Electronic','8','169','Calvin Harris'),('Electronic','8','170','Calvin Harris'),('Electronic','8','171','Calvin Harris'),('Electronic','8','179','Calvin Harris'),('Electronic','19','290','Skrillex'),('Electronic','19','291','Skrillex'),('Electronic','19','292','Skrillex'),('Electronic','19','293','Skrillex'),('Electronic','20','298','Martin Garrix'),('Electronic','20','299','Martin Garrix'),('Electronic','41','436','Britney Spears'),('Electronic','43','447','Maroon 5'),('Folk','11','208','Dua Lipa'),('Folk','11','209','Dua Lipa'),('Folk','11','210','Dua Lipa'),('Folk','11','214','Dua Lipa'),('Folk','25','327','Roddy Rich'),('Folk','26','331','DaBaby'),('Folk','26','332','DaBaby'),('Folk','27','339','Lil Baby'),('Folk','27','340','Lil Baby'),('Folk','28','344','Harry Styles'),('Folk','1','36','The Weeknd'),('Folk','30','360','Lady Gaga'),('Folk','30','361','Lady Gaga'),('Folk','31','367','Taylor Swift'),('Folk','31','368','Taylor Swift'),('Folk','32','372','Adele'),('Folk','32','373','Adele'),('Folk','35','400','Shakira'),('Folk','35','401','Shakira'),('Folk','36','405','Beyonce'),('Folk','36','406','Beyonce'),('Folk','41','437','Britney Spears'),('Hip-hop','4','116','Future'),('Hip-hop','4','117','Future'),('Hip-hop','5','124','Drake'),('Hip-hop','5','125','Drake'),('Hip-hop','5','126','Drake'),('Hip-hop','5','132','Drake'),('Hip-hop','5','133','Drake'),('Hip-hop','6','136','Lil Uzi Vert'),('Hip-hop','6','137','Lil Uzi Vert'),('Hip-hop','6','138','Lil Uzi Vert'),('Hip-hop','6','149','Lil Uzi Vert'),('Hip-hop','7','154','Bruno Mars'),('Hip-hop','7','155','Bruno Mars'),('Hip-hop','7','156','Bruno Mars'),('Hip-hop','10','200','Ed Sheeran'),('Hip-hop','12','219','Travis Scott'),('Hip-hop','12','220','Travis Scott'),('Hip-hop','12','221','Travis Scott'),('Hip-hop','12','228','Travis Scott'),('Hip-hop','12','229','Travis Scott'),('Hip-hop','12','230','Travis Scott'),('Hip-hop','17','259','Lil Wayne'),('Hip-hop','17','260','Lil Wayne'),('Hip-hop','17','261','Lil Wayne'),('Hip-hop','17','262','Lil Wayne'),('Hip-hop','17','263','Lil Wayne'),('Hip-hop','18','280','Kendrick Lamar'),('Hip-hop','18','281','Kendrick Lamar'),('Hip-hop','18','282','Kendrick Lamar'),('Hip-hop','18','283','Kendrick Lamar'),('Hip-hop','18','284','Kendrick Lamar'),('Hip-hop','25','328','Roddy Rich'),('Hip-hop','39','423','Usher'),('Hip-hop','39','424','Usher'),('Hip-hop','39','425','Usher'),('Hip-hop','40','429','Miley Cyrus'),('Hip-hop','40','430','Miley Cyrus'),('Hip-hop','40','431','Miley Cyrus'),('Hip-hop','4','94','Future'),('Hip-hop','4','95','Future'),('Hip-hop','4','96','Future'),('Jazz','7','164','Bruno Mars'),('Jazz','42','439','Jennifer Lopez'),('Pop','9','184','Coldplay'),('Pop','9','185','Coldplay'),('Pop','9','186','Coldplay'),('Pop','9','189','Coldplay'),('Pop','9','190','Coldplay'),('Pop','33','379','Rihanna'),('Pop','33','380','Rihanna'),('Pop','33','381','Rihanna'),('Pop','37','410','Pink'),('Pop','37','411','Pink'),('Pop','2','47','Justin Bieber'),('Pop','2','48','Justin Bieber'),('Pop','2','49','Justin Bieber'),('Pop','2','57','Justin Bieber'),('Pop','3','70','Selena Gomez'),('Pop','3','71','Selena Gomez'),('Pop','3','72','Selena Gomez'),('Rock','13','233','The Beatles'),('Rock','13','234','The Beatles'),('Rock','15','244','Fleetwood Mac'),('Rock','15','245','Fleetwood Mac'),('Rock','16','250','Linkin Park'),('Rock','16','251','Linkin Park'),('Rock','16','254','Linkin Park'),('Rock','16','255','Linkin Park'),('Rock','30','359','Lady Gaga'),('Rock','38','415','Justin Timberlake'),('Rock','38','416','Justin Timberlake'),('Rock','42','440','Jennifer Lopez');
/*!40000 ALTER TABLE `recommended` ENABLE KEYS */;
UNLOCK TABLES;

--
-- Table structure for table `signed`
--

DROP TABLE IF EXISTS `signed`;
/*!40101 SET @saved_cs_client     = @@character_set_client */;
/*!50503 SET character_set_client = utf8mb4 */;
CREATE TABLE `signed` (
  `artist_id` varchar(10) NOT NULL,
  `label_id` varchar(10) NOT NULL,
  `date_signed` date NOT NULL,
  `s_released` varchar(10) NOT NULL,
  PRIMARY KEY (`artist_id`,`label_id`),
  KEY `label_id` (`label_id`),
  CONSTRAINT `signed_ibfk_1` FOREIGN KEY (`artist_id`) REFERENCES `artists` (`artist_id`),
  CONSTRAINT `signed_ibfk_2` FOREIGN KEY (`label_id`) REFERENCES `labels` (`label_id`)
) ENGINE=InnoDB DEFAULT CHARSET=utf8mb4 ;
/*!40101 SET character_set_client = @saved_cs_client */;

--
-- Dumping data for table `signed`
--

LOCK TABLES `signed` WRITE;
/*!40000 ALTER TABLE `signed` DISABLE KEYS */;
INSERT INTO `signed` VALUES ('1','34','2012-03-16','46'),('10','5','2006-12-19','12'),('11','31','2000-07-16','11'),('12','36','2005-01-25','14'),('13','36','2003-03-31','6'),('14','35','2012-06-10','5'),('15','35','2009-11-27','6'),('16','31','2003-09-26','9'),('17','11','2000-06-10','21'),('18','30','2013-02-10','10'),('19','28','2013-12-28','8'),('2','20','2012-03-19','23'),('20','6','2006-11-17','5'),('21','16','2008-11-16','7'),('22','10','2018-04-09','6'),('23','3','2008-08-23','4'),('24','26','2010-08-26','7'),('25','8','2002-11-20','4'),('26','19','2009-05-07','8'),('27','2','2005-11-02','5'),('28','15','2011-10-06','7'),('29','10','2007-06-06','4'),('29','4','2009-01-24','4'),('3','19','2018-02-18','24'),('30','29','2007-01-17','8'),('31','26','2002-12-21','3'),('31','7','2012-05-20','2'),('32','33','2003-09-30','7'),('33','13','2001-07-01','9'),('33','32','2012-05-04','5'),('34','10','2007-08-20','7'),('35','27','2009-03-02','5'),('36','12','2003-08-23','2'),('36','23','2010-02-06','3'),('37','22','2017-07-26','5'),('38','25','2008-02-19','8'),('39','22','2016-06-10','6'),('4','37','2015-07-19','20'),('4','38','2010-07-16','10'),('40','18','2005-03-14','2'),('40','25','2002-06-06','3'),('41','21','2001-02-02','3'),('41','25','2006-09-25','2'),('42','14','2017-10-29','5'),('43','1','2005-04-27','3'),('43','19','2013-07-13','3'),('44','14','2003-11-16','6'),('45','25','2010-12-10','4'),('46','19','2016-06-22','5'),('47','19','2005-04-03','4'),('48','19','2013-04-26','3'),('49','20','2014-09-19','5'),('5','39','2007-06-25','12'),('50','18','2016-09-12','5'),('51','12','2017-07-23','4'),('51','17','2003-04-28','3'),('52','5','2010-04-18','6'),('53','13','2014-01-24','3'),('53','9','2009-01-08','4'),('6','40','2011-02-06','18'),('7','41','2018-03-10','15'),('8','42','2016-06-03','8'),('8','43','2001-08-11','7'),('9','24','2003-01-19','12');
/*!40000 ALTER TABLE `signed` ENABLE KEYS */;
UNLOCK TABLES;

--
-- Table structure for table `songs`
--

DROP TABLE IF EXISTS `songs`;
/*!40101 SET @saved_cs_client     = @@character_set_client */;
/*!50503 SET character_set_client = utf8mb4 */;
CREATE TABLE `songs` (
  `song_id` varchar(5) NOT NULL,
  `name` varchar(31) NOT NULL,
  `artist_name` varchar(17) NOT NULL,
  `label_name` varchar(16) NOT NULL,
  `album_name` varchar(37) NOT NULL,
  `release_date` varchar(10) NOT NULL,
  `views` int NOT NULL,
  `genre` varchar(10) NOT NULL,
  `language` varchar(7) NOT NULL,
  PRIMARY KEY (`song_id`,`artist_name`)
) ENGINE=InnoDB DEFAULT CHARSET=utf8mb4 ;
/*!40101 SET character_set_client = @saved_cs_client */;

--
-- Dumping data for table `songs`
--

LOCK TABLES `songs` WRITE;
/*!40000 ALTER TABLE `songs` DISABLE KEYS */;
INSERT INTO `songs` VALUES ('1','StarBoy','The Weeknd','XO','Starboy','2016-11-25',569524,'Blues','English'),('10','Six Feet Under','The Weeknd','XO','Starboy','2016-11-25',89328,'Classical','English'),('100','Call The conor','Future','Profile Records','The Wizrd','2019-01-18',242915,'Hip-hop','English'),('101','Talk Shit Like A Preacher','Future','Profile Records','The Wizrd','2019-01-18',370703,'Hip-hop','English'),('102','Promise U That','Future','Profile Records','The Wizrd','2019-01-18',116980,'Hip-hop','English'),('103','Stick To Models','Future','Profile Records','The Wizrd','2019-01-18',426116,'Hip-hop','English'),('104','Overdose','Future','Profile Records','The Wizrd','2019-01-18',409794,'Hip-hop','English'),('105','Krazy But True','Future','Profile Records','The Wizrd','2019-01-18',453355,'Hip-hop','English'),('106','Servin Killa Kam','Future','Profile Records','The Wizrd','2019-01-18',136252,'Hip-hop','English'),('107','Baptize','Future','Profile Records','The Wizrd','2019-01-18',568988,'Hip-hop','English'),('108','Unicorn Purp','Future','Profile Records','The Wizrd','2019-01-18',73107,'Hip-hop','English'),('109','Going Dummi','Future','Profile Records','The Wizrd','2019-01-18',92460,'Hip-hop','English'),('11','Love To Lay','The Weeknd','XO','Starboy','2016-11-25',124452,'Country','English'),('110','First Off','Future','Profile Records','The Wizrd','2019-01-18',215023,'Hip-hop','English'),('111','FaceShot','Future','Profile Records','The Wizrd','2019-01-18',150019,'Hip-hop','English'),('112','Ain\'t Coming Back','Future','Profile Records','The Wizrd','2019-01-18',570748,'Hip-hop','English'),('113','Tricks On Me','Future','Profile Records','The Wizrd','2019-01-18',119754,'Hip-hop','English'),('114','My Collection','Future','Universal','Hndrxx','2017-02-24',202678,'Hip-hop','English'),('115','Lookin Exotic','Future','Universal','Hndrxx','2017-02-24',528044,'Hip-hop','English'),('116','Damage','Future','Universal','Hndrxx','2017-02-24',355220,'Hip-hop','English'),('117','Use ME','Future','Universal','Hndrxx','2017-02-24',202381,'Hip-hop','English'),('118','Incredible','Future','Universal','Hndrxx','2017-02-24',438189,'Hip-hop','English'),('119','Testify','Future','Universal','Hndrxx','2017-02-24',115597,'Hip-hop','English'),('12','A Lonely Night','The Weeknd','XO','Starboy','2016-11-25',527605,'Electronic','English'),('120','Fresh Air','Future','Universal','Hndrxx','2017-02-24',368233,'Hip-hop','English'),('121','Keep Quiet','Future','Universal','Hndrxx','2017-02-24',118407,'Hip-hop','English'),('122','Hallucinating','Future','Universal','Hndrxx','2017-02-24',446085,'Hip-hop','English'),('123','Turn On Me','Future','Universal','Hndrxx','2017-02-24',589858,'Hip-hop','English'),('124','Survival','Drake','BMG','Scorpion','2018-06-29',590176,'Hip-hop','English'),('125','Non Stop','Drake','BMG','Scorpion','2018-06-29',372719,'Hip-hop','English'),('126','Elevate','Drake','BMG','Scorpion','2018-06-29',58569,'Hip-hop','English'),('127','Emotionless','Drake','BMG','Scorpion','2018-06-29',82501,'Hip-hop','English'),('128','God\'s Plan','Drake','BMG','Scorpion','2018-06-29',337344,'Hip-hop','English'),('129','I\'m Upset','Drake','BMG','Scorpion','2018-06-29',138294,'Hip-hop','English'),('13','Attention','The Weeknd','XO','Starboy','2016-11-25',145676,'Folk','English'),('130','8 Out Of 10','Drake','BMG','Scorpion','2018-06-29',246697,'Hip-hop','English'),('131','Mob Ties','Drake','BMG','Scorpion','2018-06-29',559425,'Hip-hop','English'),('132','Can\'t Take A Joke','Drake','BMG','Scorpion','2018-06-29',275334,'Hip-hop','English'),('133','Sandara\'s Rose','Drake','BMG','Scorpion','2018-06-29',393645,'Hip-hop','English'),('134','Talk Up','Drake','BMG','Scorpion','2018-06-29',504375,'Hip-hop','English'),('135','Is There More','Drake','BMG','Scorpion','2018-06-29',143196,'Hip-hop','English'),('136','Baby Pluto','Lil Uzi Vert','ABC','Eternal Atake','2020-06-20',543077,'Hip-hop','English'),('137','Lo Mein','Lil Uzi Vert','ABC','Eternal Atake','2020-06-20',548651,'Hip-hop','English'),('138','Silly Watch','Lil Uzi Vert','ABC','Eternal Atake','2020-06-20',533688,'Hip-hop','English'),('139','Pop','Lil Uzi Vert','ABC','Eternal Atake','2020-06-20',463664,'Hip-hop','English'),('14','Ordinary Life','The Weeknd','XO','Starboy','2016-11-25',130299,'Hip-hop','English'),('140','You Better Move','Lil Uzi Vert','ABC','Eternal Atake','2020-06-20',391283,'Hip-hop','English'),('141','Homecoming','Lil Uzi Vert','ABC','Eternal Atake','2020-06-20',105905,'Hip-hop','English'),('142','I\'m Sorry','Lil Uzi Vert','ABC','Eternal Atake','2020-06-20',1028384,'Hip-hop','English'),('143','Celebration Station','Lil Uzi Vert','ABC','Eternal Atake','2020-06-20',123,'Hip-hop','English'),('144','Bigger Than Life','Lil Uzi Vert','ABC','Eternal Atake','2020-06-20',231313,'Hip-hop','English'),('145','Chrome Heart Tags','Lil Uzi Vert','ABC','Eternal Atake','2020-06-20',132123,'Hip-hop','English'),('146','Bust Me','Lil Uzi Vert','ABC','Eternal Atake','2020-06-20',321312,'Hip-hop','English'),('147','Prices','Lil Uzi Vert','ABC','Eternal Atake','2020-06-20',2324,'Hip-hop','English'),('148','Urgency','Lil Uzi Vert','ABC','Eternal Atake','2020-06-20',323324,'Hip-hop','English'),('149','Venetia','Lil Uzi Vert','ABC','Eternal Atake','2020-06-20',5435,'Hip-hop','English'),('15','Nothing Without You','The Weeknd','XO','Starboy','2016-11-25',445650,'Jazz','English'),('150','Secure The Bag','Lil Uzi Vert','ABC','Eternal Atake','2020-06-20',32324,'Hip-hop','English'),('151','P2','Lil Uzi Vert','ABC','Eternal Atake','2020-06-20',24342,'Hip-hop','English'),('152','Futshal Shuffle 2020','Lil Uzi Vert','ABC','Eternal Atake','2020-06-20',242424,'Hip-hop','English'),('153','That Way','Lil Uzi Vert','ABC','Eternal Atake','2020-06-20',424,'Hip-hop','English'),('154','24K Magic','Bruno Mars','Virgin Records','24K Magic','2016-11-18',4242,'Hip-hop','English'),('155','Chunk','Bruno Mars','Virgin Records','24K Magic','2016-11-18',2345,'Hip-hop','English'),('156','Perm','Bruno Mars','Virgin Records','24K Magic','2016-11-18',56741,'Hip-hop','English'),('157','That\'s What I Like','Bruno Mars','Virgin Records','24K Magic','2016-11-18',59290,'Hip-hop','English'),('158','Versace On The Floor','Bruno Mars','Virgin Records','24K Magic','2016-11-18',75264,'Hip-hop','English'),('159','Straight Up & Down','Bruno Mars','Virgin Records','24K Magic','2016-11-18',45443,'Hip-hop','English'),('16','All I know','The Weeknd','XO','Starboy','2016-11-25',311582,'Rock','English'),('160','Calling All My Lovelies','Bruno Mars','Virgin Records','24K Magic','2016-11-18',96192,'Jazz','English'),('161','Finesse','Bruno Mars','Virgin Records','24K Magic','2016-11-18',95792,'Jazz','English'),('162','Too Good To Say Goodbye','Bruno Mars','Virgin Records','24K Magic','2016-11-18',17516,'Jazz','English'),('163','Young Girls','Bruno Mars','Virgin Records','Unorthodox Jukebox','2012-12-07',49882,'Jazz','English'),('164','Gorilla','Bruno Mars','Virgin Records','Unorthodox Jukebox','2012-12-07',27575,'Jazz','English'),('165','Moonshine','Bruno Mars','Virgin Records','Unorthodox Jukebox','2012-12-07',56327,'Jazz','English'),('166','Treasure','Bruno Mars','Virgin Records','Unorthodox Jukebox','2012-12-07',87850,'Jazz','English'),('167','Natalie','Bruno Mars','Virgin Records','Unorthodox Jukebox','2012-12-07',82807,'Jazz','English'),('168','Show Me','Bruno Mars','Virgin Records','Unorthodox Jukebox','2012-12-07',89463,'Jazz','English'),('169','Green Valley','Calvin Harris','Red Hill','18 Months','2012-10-26',34,'Electronic','English'),('17','Die for you','The Weeknd','XO','Starboy','2016-11-25',169842,'Folk','English'),('170','Bounce','Calvin Harris','Red Hill','18 Months','2012-10-26',34466,'Electronic','English'),('171','Feel So Close','Calvin Harris','Red Hill','18 Months','2012-10-26',25784,'Electronic','English'),('172','We Found Love','Calvin Harris','Red Hill','18 Months','2012-10-26',54,'Electronic','English'),('173','We\'ll Be Coming Back','Calvin Harris','Red Hill','18 Months','2012-10-26',6734,'Electronic','English'),('174','Iron','Calvin Harris','Red Hill','18 Months','2012-10-26',4677,'Electronic','English'),('175','Mansion','Calvin Harris','Red Hill','18 Months','2012-10-26',456784,'Electronic','English'),('176','Faith','Calvin Harris','Beyond Records','Motion','2014-10-31',84143,'Electronic','English'),('177','Under Control','Calvin Harris','Beyond Records','Motion','2014-10-31',87385,'Electronic','English'),('178','Love Now','Calvin Harris','Beyond Records','Motion','2014-10-31',28716,'Electronic','English'),('179','Slow Acid','Calvin Harris','Beyond Records','Motion','2014-10-31',13104,'Electronic','English'),('18','I feel it coming','The Weeknd','XO','Starboy','2016-11-25',305982,'Folk','English'),('180','Outside','Calvin Harris','Beyond Records','Motion','2014-10-31',18751,'Electronic','English'),('181','It Was You','Calvin Harris','Beyond Records','Motion','2014-10-31',33570,'Electronic','English'),('182','Summer','Calvin Harris','Beyond Records','Motion','2014-10-31',31407,'Electronic','English'),('183','Overdrive','Calvin Harris','Beyond Records','Motion','2014-10-31',60104,'Electronic','English'),('184','Magic','Coldplay','ParloPhone','Ghost Stories','2014-05-19',52727,'Pop','English'),('185','Ink','Coldplay','ParloPhone','Ghost Stories','2014-05-19',46137,'Pop','English'),('186','True Love','Coldplay','ParloPhone','Ghost Stories','2014-05-19',77260,'Pop','English'),('187','Midnight','Coldplay','ParloPhone','Ghost Stories','2014-05-19',39636,'Pop','English'),('188','Another\'s Arms','Coldplay','ParloPhone','Ghost Stories','2014-05-19',17448,'Pop','English'),('189','Ocean','Coldplay','ParloPhone','Ghost Stories','2014-05-19',72582,'Pop','English'),('19','Alone Again','The Weeknd','XO','After Hours','2020-03-20',489014,'Folk','English'),('190','Sunrise','Coldplay','ParloPhone','Everyday Life','2019-11-22',27167,'Pop','English'),('191','Chruch','Coldplay','ParloPhone','Everyday Life','2019-11-22',32211,'Pop','English'),('192','Broken','Coldplay','ParloPhone','Everyday Life','2019-11-22',84382,'Pop','English'),('193','Daddy','Coldplay','ParloPhone','Everyday Life','2019-11-22',82147,'Pop','English'),('194','Trouble In Town','Coldplay','ParloPhone','Everyday Life','2019-11-22',26589,'Blues','English'),('195','Arabesque','Coldplay','ParloPhone','Everyday Life','2019-11-22',46308,'Blues','English'),('196','Beautiful people','Ed Sheeran','Asylum','No.6 Collaborations Project','2012-09-09',81051,'Classical','English'),('197','South Of The Border','Ed Sheeran','Asylum','No.6 Collaborations Project','2012-09-09',93044,'Country','English'),('198','Cross Me','Ed Sheeran','Asylum','No.6 Collaborations Project','2012-09-09',79879,'Electronic','English'),('199','Take Me Back To London','Ed Sheeran','Asylum','No.6 Collaborations Project','2012-09-09',74747,'Folk','English'),('2','Party Monster','The Weeknd','XO','Starboy','2016-11-25',292694,'Blues','English'),('20','Too Late','The Weeknd','XO','After Hours','2020-03-20',185259,'Folk','English'),('200','Best Part Of Me','Ed Sheeran','Asylum','No.6 Collaborations Project','2012-09-09',59658,'Hip-hop','English'),('201','I Don\'t Care','Ed Sheeran','Asylum','No.6 Collaborations Project','2012-09-09',37130,'Jazz','English'),('202','Antisocial','Ed Sheeran','Asylum','No.6 Collaborations Project','2012-09-09',85270,'Rock','English'),('203','Remeber the Name','Ed Sheeran','Asylum','No.6 Collaborations Project','2012-09-09',51290,'Folk','English'),('204','Feels','Ed Sheeran','Asylum','No.6 Collaborations Project','2012-09-09',30047,'Folk','English'),('205','Put It All On Me','Ed Sheeran','Asylum','No.6 Collaborations Project','2012-09-09',72983,'Folk','English'),('206','Nothing On You','Ed Sheeran','Asylum','No.6 Collaborations Project','2012-09-09',50468,'Folk','English'),('207','1000 Nights','Ed Sheeran','Asylum','No.6 Collaborations Project','2012-09-09',89940,'Folk','English'),('208','Genesis','Dua Lipa','Warner','Dua Lipa','2017-06-02',59451,'Folk','English'),('209','Hotter Than Hell','Dua Lipa','Warner','Dua Lipa','2017-06-02',65108,'Folk','English'),('21','Hardest to love','The Weeknd','XO','After Hours','2020-03-20',544593,'Folk','English'),('210','Be The One','Dua Lipa','Warner','Dua Lipa','2017-06-02',92514,'Folk','English'),('211','IDGAF','Dua Lipa','Warner','Dua Lipa','2017-06-02',96838,'Folk','English'),('212','New Rules','Dua Lipa','Warner','Dua Lipa','2017-06-02',77561,'Folk','English'),('213','Future Nostalgia','Dua Lipa','Warner','Future Nostalgia','2020-03-27',68533,'Folk','English'),('214','Dont Start Now','Dua Lipa','Warner','Future Nostalgia','2020-03-27',16542,'Folk','English'),('215','Cool','Dua Lipa','Warner','Future Nostalgia','2020-03-27',41798,'Folk','English'),('216','Physical','Dua Lipa','Warner','Future Nostalgia','2020-03-27',83584,'Folk','English'),('217','Pretty Please','Dua Lipa','Warner','Future Nostalgia','2020-03-27',68440,'Pop','English'),('218','Love Again','Dua Lipa','Warner','Future Nostalgia','2020-03-27',65277,'Pop','English'),('219','Antidote','Travis Scott','Infinity Records','Rodeo','2015-09-04',84163,'Hip-hop','English'),('22','Scared To Live','The Weeknd','XO','After Hours','2020-03-20',523447,'Folk','English'),('220','Impossible','Travis Scott','Infinity Records','Rodeo','2015-09-04',84528,'Hip-hop','English'),('221','Flying High','Travis Scott','Infinity Records','Rodeo','2015-09-04',81207,'Hip-hop','English'),('222','I Can Tell','Travis Scott','Infinity Records','Rodeo','2015-09-04',65646,'Hip-hop','English'),('223','Apple Pie','Travis Scott','Infinity Records','Rodeo','2015-09-04',13889,'Hip-hop','English'),('224','Wasted','Travis Scott','Infinity Records','Rodeo','2015-09-04',19631,'Hip-hop','English'),('225','On My Dis Side','Travis Scott','Infinity Records','Rodeo','2015-09-04',72746,'Hip-hop','English'),('226','Sicko Mode','Travis Scott','Infinity Records','Astroworld','2018-08-03',56219,'Hip-hop','English'),('227','Stargazing','Travis Scott','Infinity Records','Astroworld','2018-08-03',17591,'Hip-hop','English'),('228','Carousel','Travis Scott','Infinity Records','Astroworld','2018-08-03',63963,'Hip-hop','English'),('229','Skeletons','Travis Scott','Infinity Records','Astroworld','2018-08-03',63353,'Hip-hop','English'),('23','Snowchild','The Weeknd','XO','After Hours','2020-03-20',286417,'Folk','English'),('230','Wake Up','Travis Scott','Infinity Records','Astroworld','2018-08-03',81700,'Hip-hop','English'),('231','Yosemite','Travis Scott','Infinity Records','Astroworld','2018-08-03',54436,'Hip-hop','English'),('232','Can\'t say','Travis Scott','Infinity Records','Astroworld','2018-08-03',59538,'Hip-hop','English'),('233','Come Together','The Beatles','Infinity Records','Abbey Road','1969-09-26',95913,'Rock','English'),('234','Something','The Beatles','Infinity Records','Abbey Road','1969-09-26',72243,'Rock','English'),('235','Maxwell\'s Silver Hammer','The Beatles','Infinity Records','Abbey Road','1969-09-26',67680,'Rock','English'),('236','Oh! Darling','The Beatles','Infinity Records','Abbey Road','1969-09-26',14671,'Rock','English'),('237','Octopus\'s Garden','The Beatles','Infinity Records','Abbey Road','1969-09-26',35133,'Rock','English'),('238','I Want You','The Beatles','Infinity Records','Abbey Road','1969-09-26',88269,'Rock','English'),('239','Speak To Me','Pink Floyd','Deluxe Records','The Dark Side Of The Moon','1973-03-01',95741,'Classical','English'),('24','Escape from LA','The Weeknd','XO','After Hours','2020-03-20',342510,'Folk','English'),('240','On The Run','Pink Floyd','Deluxe Records','The Dark Side Of The Moon','1973-03-01',77484,'Classical','English'),('241','Breathe','Pink Floyd','Deluxe Records','The Dark Side Of The Moon','1973-03-01',66223,'Classical','English'),('242','Time','Pink Floyd','Deluxe Records','The Dark Side Of The Moon','1973-03-01',90455,'Classical','English'),('243','The Great Gig In The Sky','Pink Floyd','Deluxe Records','The Dark Side Of The Moon','1973-03-01',10188,'Classical','English'),('244','Love In Store','Fleetwood Mac','Deluxe Records','Mirage','1982-06-18',70016,'Rock','English'),('245','Can\'t Go Back','Fleetwood Mac','Deluxe Records','Mirage','1982-06-18',73431,'Rock','English'),('246','That\'s Alright','Fleetwood Mac','Deluxe Records','Mirage','1982-06-18',57103,'Rock','English'),('247','Book Of Love','Fleetwood Mac','Deluxe Records','Mirage','1982-06-18',96885,'Rock','English'),('248','Gyspy','Fleetwood Mac','Deluxe Records','Mirage','1982-06-18',19073,'Rock','English'),('249','Only Over You','Fleetwood Mac','Deluxe Records','Mirage','1982-06-18',91136,'Rock','English'),('25','Heartless','The Weeknd','XO','After Hours','2020-03-20',216171,'Folk','English'),('250','Papercut','Linkin Park','Warner','Hybrid Theory','2000-10-25',10126,'Rock','English'),('251','One Step Closer','Linkin Park','Warner','Hybrid Theory','2000-10-25',18776,'Rock','English'),('252','With You','Linkin Park','Warner','Hybrid Theory','2000-10-25',26731,'Rock','English'),('253','Crawling','Linkin Park','Warner','Hybrid Theory','2000-10-25',81077,'Rock','English'),('254','Don\'t Say','Linkin Park','Warner','Meteora','2003-03-25',94736,'Rock','English'),('255','Somewher I Belong','Linkin Park','Warner','Meteora','2003-03-25',10329,'Rock','English'),('256','Lying From You','Linkin Park','Warner','Meteora','2003-03-25',80647,'Rock','English'),('257','Hit The Floor','Linkin Park','Warner','Meteora','2003-03-25',81764,'Rock','English'),('258','Numb','Linkin Park','Warner','Meteora','2003-03-25',99420,'Rock','English'),('259','Walk In','Lil Wayne','Cash Money','The Carter','2004-06-29',80001,'Hip-hop','English'),('26','Faith','The Weeknd','XO','After Hours','2020-03-20',559390,'Folk','English'),('260','Go DJ','Lil Wayne','Cash Money','The Carter','2004-06-29',81034,'Hip-hop','English'),('261','This is the carter','Lil Wayne','Cash Money','The Carter','2004-06-29',27698,'Hip-hop','English'),('262','I Miss My Dawg\'s','Lil Wayne','Cash Money','The Carter','2004-06-29',83070,'Hip-hop','English'),('263','Tha Heat','Lil Wayne','Cash Money','The Carter','2004-06-29',58871,'Hip-hop','English'),('264','On My Own','Lil Wayne','Cash Money','The Carter','2004-06-29',64201,'Hip-hop','English'),('265','Don\'t Cry','Lil Wayne','Cash Money','The Carter V','2018-09-28',24407,'Hip-hop','English'),('266','Dedicate','Lil Wayne','Cash Money','The Carter V','2018-09-28',95337,'Hip-hop','English'),('267','Uproar','Lil Wayne','Cash Money','The Carter V','2018-09-28',64113,'Hip-hop','English'),('268','Let It Fly','Lil Wayne','Cash Money','The Carter V','2018-09-28',82089,'Hip-hop','English'),('269','Can\'t Be Broken','Lil Wayne','Cash Money','The Carter V','2018-09-28',42574,'Hip-hop','English'),('27','Blinding Lights','The Weeknd','XO','After Hours','2020-03-20',434654,'Folk','English'),('270','Mona Lisa','Lil Wayne','Cash Money','The Carter V','2018-09-28',93848,'Hip-hop','English'),('271','Open Letter','Lil Wayne','Cash Money','The Carter V','2018-09-28',11313,'Hip-hop','English'),('272','Funeral','Lil Wayne','Cash Money','Funeral','2020-01-31',43770,'Hip-hop','English'),('273','Mahogany','Lil Wayne','Cash Money','Funeral','2020-01-31',40548,'Hip-hop','English'),('274','Mama Mia','Lil Wayne','Cash Money','Funeral','2020-01-31',70780,'Hip-hop','English'),('275','I Do It','Lil Wayne','Cash Money','Funeral','2020-01-31',28290,'Hip-hop','English'),('276','Dreams','Lil Wayne','Cash Money','Funeral','2020-01-31',92773,'Hip-hop','English'),('277','Clap For Em','Lil Wayne','Cash Money','Funeral','2020-01-31',48202,'Hip-hop','English'),('278','Not Me','Lil Wayne','Cash Money','Funeral','2020-01-31',60333,'Hip-hop','English'),('279','Trust Nobody','Lil Wayne','Cash Money','Funeral','2020-01-31',57142,'Hip-hop','English'),('28','In your eyes','The Weeknd','XO','After Hours','2020-03-20',227762,'Folk','English'),('280','For Free','Kendrick Lamar','Top Dawg','To Pimp a Butterfly','2015-03-15',96638,'Hip-hop','English'),('281','Kung Kunta','Kendrick Lamar','Top Dawg','To Pimp a Butterfly','2015-03-15',74036,'Hip-hop','English'),('282','These Walls','Kendrick Lamar','Top Dawg','To Pimp a Butterfly','2015-03-15',50409,'Hip-hop','English'),('283','U','Kendrick Lamar','Top Dawg','To Pimp a Butterfly','2015-03-15',75290,'Hip-hop','English'),('284','Alright','Kendrick Lamar','Top Dawg','To Pimp a Butterfly','2015-03-15',59841,'Hip-hop','English'),('285','Blood','Kendrick Lamar','Top Dawg','Damn','2017-04-14',88053,'Hip-hop','English'),('286','DNA','Kendrick Lamar','Top Dawg','Damn','2017-04-14',60713,'Hip-hop','English'),('287','Yeah','Kendrick Lamar','Top Dawg','Damn','2017-04-14',70535,'Hip-hop','English'),('288','Element','Kendrick Lamar','Top Dawg','Damn','2017-04-14',32987,'Hip-hop','English'),('289','Feel','Kendrick Lamar','Top Dawg','Damn','2017-04-14',20367,'Hip-hop','English'),('29','Save your tears','The Weeknd','XO','After Hours','2020-03-20',468814,'Folk','English'),('290','All Is Fair In Love And Brostep','Skrillex','STMPD','Recess','2014-04-14',64072,'Electronic','English'),('291','Recess','Skrillex','STMPD','Recess','2014-04-14',64001,'Electronic','English'),('292','Stranger','Skrillex','STMPD','Recess','2014-04-14',60501,'Electronic','English'),('293','Try It Out','Skrillex','STMPD','Recess','2014-04-14',17785,'Electronic','English'),('294','Coast Is Clear','Skrillex','STMPD','Recess','2014-04-14',69263,'Electronic','English'),('295','Dirty Vibe','Skrillex','STMPD','Recess','2014-04-14',78912,'Electronic','English'),('296','Ragga Bomb','Skrillex','STMPD','Recess','2014-04-14',35970,'Electronic','English'),('297','Doompy Poomp','Skrillex','STMPD','Recess','2014-04-14',36062,'Electronic','English'),('298','Breach','Martin Garrix','Big Beat','Bylaw','2018-09-19',69388,'Electronic','English'),('299','Yottabyte','Martin Garrix','Big Beat','Bylaw','2018-09-19',38994,'Electronic','English'),('3','False Alram','The Weeknd','XO','Starboy','2016-11-25',223269,'Blues','English'),('30','Repeat After Me','The Weeknd','XO','After Hours','2020-03-20',366725,'Folk','English'),('300','Latency','Martin Garrix','Big Beat','Bylaw','2018-09-19',10795,'Electronic','English'),('301','Access','Martin Garrix','Big Beat','Bylaw','2018-09-19',99638,'Electronic','English'),('302','Waiting For Tomorrow','Martin Garrix','Big Beat','Bylaw','2018-09-19',51800,'Electronic','English'),('303','Dead','Madison Beer','First Access','As She Pleases','2018-02-02',70002,'Blues','English'),('304','Fool','Madison Beer','First Access','As She Pleases','2018-02-02',45349,'Blues','English'),('305','Heartless','Madison Beer','First Access','As She Pleases','2018-02-02',52670,'Blues','English'),('306','Tyler Durden','Madison Beer','First Access','As She Pleases','2018-02-02',58291,'Blues','English'),('307','Home with You','Madison Beer','First Access','As She Pleases','2018-02-02',53632,'Blues','English'),('308','Teenager In Love','Madison Beer','First Access','As She Pleases','2018-02-02',91798,'Blues','English'),('309','Say It To My Face','Madison Beer','First Access','As She Pleases','2018-02-02',18250,'Blues','English'),('31','After hours','The Weeknd','XO','After Hours','2020-03-20',405449,'Folk','English'),('310','Say It First','Sam Smith','Capitol','The Thrill Of It All','2017-11-03',45960,'Blues','English'),('311','Midnight Train','Sam Smith','Capitol','The Thrill Of It All','2017-11-03',13265,'Blues','English'),('312','One Last Song','Sam Smith','Capitol','The Thrill Of It All','2017-11-03',43065,'Blues','English'),('313','Burning','Sam Smith','Capitol','The Thrill Of It All','2017-11-03',25955,'Blues','English'),('314','Him','Sam Smith','Capitol','The Thrill Of It All','2017-11-03',88237,'Blues','English'),('315','Palace','Sam Smith','Capitol','The Thrill Of It All','2017-11-03',81034,'Blues','English'),('316','Thug Life','Rod Wave','Alamo Records','Pray 4 Love','2020-04-03',16367,'Blues','English'),('317','I Remeber','Rod Wave','Alamo Records','Pray 4 Love','2020-04-03',96878,'Blues','English'),('318','Roaming','Rod Wave','Alamo Records','Pray 4 Love','2020-04-03',73580,'Blues','English'),('319','The Greatest','Rod Wave','Alamo Records','Pray 4 Love','2020-04-03',27146,'Blues','English'),('32','Until I bleed Out','The Weeknd','XO','After Hours','2020-03-20',500842,'Folk','English'),('320','Big Lie','Post Malone','Republic','Stoney','2016-12-09',50731,'Blues','English'),('321','Deja Vu','Post Malone','Republic','Stoney','2016-12-09',74123,'Blues','English'),('322','No Option','Post Malone','Republic','Stoney','2016-12-09',39743,'Blues','English'),('323','Rockstar','Post Malone','Republic','Beerbongs & Bentleys','2018-04-17',93161,'Blues','English'),('324','Better Now','Post Malone','Republic','Beerbongs & Bentleys','2018-04-17',37783,'Classical','English'),('325','Psycho','Post Malone','Republic','Beerbongs & Bentleys','2018-04-17',49794,'Country','English'),('326','Over Now','Post Malone','Republic','Beerbongs & Bentleys','2018-04-17',40770,'Electronic','English'),('327','Intro','Roddy Rich','Bird Vision','Please Excuse Me for Being Antisocial','2019-12-06',79655,'Folk','English'),('328','The Box','Roddy Rich','Bird Vision','Please Excuse Me for Being Antisocial','2019-12-06',87658,'Hip-hop','English'),('329','Start With Me','Roddy Rich','Bird Vision','Please Excuse Me for Being Antisocial','2019-12-06',77640,'Jazz','English'),('33','Real Life','The Weeknd','XO','Beauty Behind The Madness','2015-08-28',485240,'Folk','English'),('330','Perfect Time','Roddy Rich','Bird Vision','Please Excuse Me for Being Antisocial','2019-12-06',72220,'Rock','English'),('331','Intro','DaBaby','Interscope','Kirk','2019-09-27',37400,'Folk','English'),('332','Off The Rip','DaBaby','Interscope','Kirk','2019-09-27',25718,'Folk','English'),('333','Bob','DaBaby','Interscope','Kirk','2019-09-27',59371,'Folk','English'),('334','Suge','DaBaby','Interscope','Baby On Baby','2019-03-01',23044,'Folk','English'),('335','Goin Baby','DaBaby','Interscope','Baby On Baby','2019-03-01',38224,'Folk','English'),('336','Pony','DaBaby','Interscope','Baby On Baby','2019-03-01',41447,'Folk','English'),('337','Deal With It','DaBaby','Interscope','Baby On Baby','2019-03-01',47319,'Folk','English'),('338','Carpet Burn','DaBaby','Interscope','Baby On Baby','2019-03-01',35958,'Folk','English'),('339','Intro','Lil Baby','4PF','Harder Than Ever','2018-05-18',66879,'Folk','English'),('34','Losers','The Weeknd','XO','Beauty Behind The Madness','2015-08-28',130493,'Folk','English'),('340','Spazz','Lil Baby','4PF','Harder Than Ever','2018-05-18',54604,'Folk','English'),('341','Get Ugly','Lil Baby','4PF','My Turn','2020-02-28',88518,'Folk','English'),('342','How','Lil Baby','4PF','My Turn','2020-02-28',93658,'Folk','English'),('343','Grace','Lil Baby','4PF','My Turn','2020-02-28',92097,'Folk','English'),('344','Sign of The Times','Harry Styles','Erskine','Harry Styles','2017-05-12',14500,'Folk','English'),('345','Carolina','Harry Styles','Erskine','Harry Styles','2017-05-12',85333,'Country','English'),('346','Two Ghosts','Harry Styles','Erskine','Harry Styles','2017-05-12',82171,'Country','English'),('347','Golden','Harry Styles','Erskine','Fine Line','2019-12-13',32592,'Country','English'),('348','Adore You','Harry Styles','Erskine','Fine Line','2019-12-13',41097,'Country','English'),('349','Lights Up','Harry Styles','Erskine','Fine Line','2019-12-13',58689,'Country','English'),('35','Tell your Friends','The Weeknd','XO','Beauty Behind The Madness','2015-08-28',154663,'Folk','English'),('350','Falling','Harry Styles','Erskine','Fine Line','2019-12-13',19823,'Country','English'),('351','Castle','Halsey','Astralwerks','Badlands','2015-08-28',28627,'Country','English'),('352','Hold Me Down','Halsey','Astralwerks','Badlands','2015-08-28',83368,'Country','English'),('353','Drive','Halsey','Astralwerks','Badlands','2015-08-28',88073,'Country','English'),('354','Colors','Halsey','Astralwerks','Badlands','2015-08-28',73971,'Country','English'),('355','Ashley','Halsey','Capitol','Manic','2020-01-17',46570,'Electronic','English'),('356','Graveyard','Halsey','Capitol','Manic','2020-01-17',54121,'Folk','English'),('357','Without You','Halsey','Capitol','Manic','2020-01-17',15393,'Hip-hop','English'),('358','More','Halsey','Capitol','Manic','2020-01-17',64973,'Jazz','English'),('359','Just Dance','Lady Gaga','Streamline','The Fame','2008-08-19',35248,'Rock','English'),('36','Often','The Weeknd','XO','Beauty Behind The Madness','2015-08-28',358206,'Folk','English'),('360','LoveGame','Lady Gaga','Streamline','The Fame','2008-08-19',42675,'Folk','English'),('361','Poker Face','Lady Gaga','Streamline','The Fame','2008-08-19',44493,'Folk','English'),('362','Marry The Night','Lady Gaga','Streamline','Born This Way','2011-05-23',57030,'Folk','English'),('363','Born This Way','Lady Gaga','Streamline','Born This Way','2011-05-23',75305,'Folk','English'),('364','Government Hooker','Lady Gaga','Streamline','Born This Way','2011-05-23',33080,'Folk','English'),('365','Judas','Lady Gaga','Streamline','Born This Way','2011-05-23',29819,'Folk','English'),('366','Americano','Lady Gaga','Streamline','Born This Way','2011-05-23',62686,'Folk','English'),('367','Red','Taylor Swift','Big Machine','Red','2012-10-22',87902,'Folk','English'),('368','All Too Well','Taylor Swift','Big Machine','Red','2012-10-22',93248,'Folk','English'),('369','Lover','Taylor Swift','Republic','Lover','2019-08-23',39009,'Folk','English'),('37','The Hills','The Weeknd','XO','Beauty Behind The Madness','2015-08-28',74607,'Folk','English'),('370','The Man','Taylor Swift','Republic','Lover','2019-08-23',31931,'Folk','English'),('371','The Archer','Taylor Swift','Republic','Lover','2019-08-23',96897,'Folk','English'),('372','Daydreamer','Adele','XL','19','2008-01-28',58640,'Folk','English'),('373','Best For Last','Adele','XL','19','2008-01-28',66476,'Folk','English'),('374','Crazy For You','Adele','XL','19','2008-01-28',90424,'Pop','English'),('375','Cold Shoulder','Adele','XL','19','2008-01-28',58056,'Pop','English'),('376','Rumour Has It','Adele','XL','21','2011-01-24',25778,'Pop','English'),('377','Take It All','Adele','XL','21','2011-01-24',42141,'Pop','English'),('378','One And Only','Adele','XL','21','2011-01-24',89223,'Pop','English'),('379','Cheers','Rihanna','Def Jam','Loud','2010-11-12',49491,'Pop','English'),('38','Acquainted','The Weeknd','XO','Beauty Behind The Madness','2015-08-28',447991,'Folk','English'),('380','Fading','Rihanna','Def Jam','Loud','2010-11-12',60468,'Pop','English'),('381','Only Girl','Rihanna','Def Jam','Loud','2010-11-12',68437,'Pop','English'),('382','Man Down','Rihanna','Def Jam','Loud','2010-11-12',25105,'Pop','English'),('383','Skin','Rihanna','Def Jam','Loud','2010-11-12',66076,'Pop','English'),('384','Woo','Rihanna','Def Jam','Anti','2016-01-28',59050,'Pop','English'),('385','Work','Rihanna','Def Jam','Anti','2016-01-28',43354,'Pop','English'),('386','Needed Me','Rihanna','Def Jam','Anti','2016-01-28',34447,'Pop','English'),('387','Higher','Rihanna','Def Jam','Anti','2016-01-28',78021,'Blues','English'),('388','You Da One','Rihanna','Westbury Road','Talk That Talk','2011-11-18',50159,'Blues','English'),('389','Talk That Talk','Rihanna','Westbury Road','Talk That Talk','2011-11-18',17021,'Classical','English'),('39','Can\'t Feel My Face','The Weeknd','XO','Beauty Behind The Madness','2015-08-28',119003,'Folk','English'),('390','Birthday Cake','Rihanna','Westbury Road','Talk That Talk','2011-11-18',83134,'Country','English'),('391','We All Want Love','Rihanna','Westbury Road','Talk That Talk','2011-11-18',30491,'Country','English'),('392','Love For You','Rihanna','Westbury Road','Talk That Talk','2011-11-18',72065,'Country','English'),('393','Roar','Katy Perry','Capitol','Prism','2013-10-18',54428,'Country','English'),('394','Birthday','Katy Perry','Capitol','Prism','2013-10-18',54887,'Country','English'),('395','Dark Horse','Katy Perry','Capitol','Prism','2013-10-18',49047,'Country','English'),('396','Ghost','Katy Perry','Capitol','Prism','2013-10-18',91080,'Country','English'),('397','Firework','Katy Perry','Capitol','Teenage Dream','2010-07-10',24743,'Country','English'),('398','Teenage Dream','Katy Perry','Capitol','Teenage Dream','2010-07-10',33164,'Country','English'),('399','Peacock','Katy Perry','Capitol','Teenage Dream','2010-07-10',28390,'Folk','English'),('4','Reminder','The Weeknd','XO','Starboy','2016-11-25',541714,'Blues','English'),('40','Shamless','The Weeknd','XO','Beauty Behind The Madness','2015-08-28',346170,'Folk','English'),('400','Eres','Shakira','Sony Music','Peligro','1993-03-25',61460,'Folk','Spanish'),('401','Peligro','Shakira','Sony Music','Peligro','1993-03-25',40937,'Folk','Spanish'),('402','Suenos','Shakira','Sony Music','Magia','1991-06-24',99413,'Folk','Spanish'),('403','Gafas Oscurus','Shakira','Sony Music','Magia','1991-06-24',49566,'Folk','Spanish'),('404','Necesito','Shakira','Sony Music','Magia','1991-06-24',34573,'Folk','Spanish'),('405','Ring The Alram','Beyonce','Columbia','B\'Day','2006-09-01',31334,'Folk','Mexican'),('406','Kitty Kat','Beyonce','Columbia','B\'Day','2006-09-01',20820,'Folk','Mexican'),('407','Hold Up','Beyonce','Parkwood','Lemonade','2016-04-23',61909,'Folk','Mexican'),('408','Sorry','Beyonce','Parkwood','Lemonade','2016-04-23',44460,'Folk','Mexican'),('409','Forward','Beyonce','Parkwood','Lemonade','2016-04-23',63974,'Folk','Mexican'),('41','Earned It','The Weeknd','XO','Beauty Behind The Madness','2015-08-28',532863,'Folk','English'),('410','Most Girls','Pink','LaFace','Can\'t Take Me Home','2000-04-04',11281,'Pop','Mexican'),('411','There You Go','Pink','LaFace','Can\'t Take Me Home','2000-04-04',20307,'Pop','Mexican'),('412','So What','Pink','LaFace','Funhouse','2008-10-24',22996,'Pop','English'),('413','Sober','Pink','LaFace','Funhouse','2008-10-24',77726,'Pop','English'),('414','Funhouse','Pink','LaFace','Funhouse','2008-10-24',20145,'Pop','English'),('415','Suit & Tie','Justin Timberlake','RCA','The 20/20 Experience','2013-03-15',63875,'Rock','English'),('416','Tunnel Vision','Justin Timberlake','RCA','The 20/20 Experience','2013-03-15',92027,'Rock','English'),('417','Mirrors','Justin Timberlake','RCA','The 20/20 Experience','2013-03-15',45772,'Rock','English'),('418','That Girl','Justin Timberlake','RCA','The 20/20 Experience','2013-03-15',27177,'Rock','English'),('419','Sauce','Justin Timberlake','RCA','Man Of The Woods','2018-02-02',59555,'Rock','English'),('42','In The night','The Weeknd','XO','Beauty Behind The Madness','2015-08-28',197858,'Folk','English'),('420','Wave','Justin Timberlake','RCA','Man Of The Woods','2018-02-02',91666,'Rock','English'),('421','Supplies','Justin Timberlake','RCA','Man Of The Woods','2018-02-02',90492,'Rock','English'),('422','Say Something','Justin Timberlake','RCA','Man Of The Woods','2018-02-02',44878,'Rock','English'),('423','Think Of You','Usher','LaFace','Usher','1994-08-30',78965,'Hip-hop','English'),('424','Crazy','Usher','LaFace','Usher','1994-08-30',56283,'Hip-hop','English'),('425','Show Love','Usher','LaFace','Usher','1994-08-30',79411,'Hip-hop','English'),('426','Think Of You','Usher','LaFace','My Way','1997-09-16',87866,'Hip-hop','English'),('427','Come Back','Usher','LaFace','My Way','1997-09-16',70125,'Hip-hop','English'),('428','Just Like Me','Usher','LaFace','My Way','1997-09-16',42891,'Hip-hop','English'),('429','Adore You','Miley Cyrus','RCA','Bangerz','2013-16-04',64387,'Hip-hop','English'),('43','As you are','The Weeknd','XO','Beauty Behind The Madness','2015-08-28',553516,'Folk','English'),('430','SMS','Miley Cyrus','RCA','Bangerz','2013-16-04',92968,'Hip-hop','English'),('431','Breakout','Miley Cyrus','Hollywood','Breakout','2008-06-22',72964,'Hip-hop','English'),('432','The Driveway','Miley Cyrus','Hollywood','Breakout','2008-06-22',67621,'Hip-hop','English'),('433','Full Circles','Miley Cyrus','Hollywood','Breakout','2008-06-22',87285,'Blues','English'),('434','Inside Out','Britney Spears','Jive','Femme Fatale','2011-03-26',30069,'Classical','Spanish'),('435','I wanna Go','Britney Spears','Jive','Femme Fatale','2011-03-26',16286,'Country','Spanish'),('436','Roll Back','Britney Spears','Jive','Femme Fatale','2011-03-26',46755,'Electronic','Spanish'),('437','Invitation','Britney Spears','RCA','Glory','2016-08-26',61657,'Folk','Spanish'),('438','Private Show','Britney Spears','RCA','Glory','2016-08-26',33391,'Hip-hop','Spanish'),('439','Cherry Pie','Jennifer Lopez','RCA','Rebirth','2005-02-23',55621,'Jazz','English'),('44','Dark Times','The Weeknd','XO','Beauty Behind The Madness','2015-08-28',446928,'Folk','English'),('440','Get Right','Jennifer Lopez','Epic','Rebirth','2005-02-23',45496,'Rock','English'),('441','Forever','Jennifer Lopez','Epic','Brave','2007-10-04',90424,'Folk','English'),('442','Stay Together','Jennifer Lopez','Epic','Brave','2007-10-04',51762,'Folk','English'),('443','Do It Well','Jennifer Lopez','Epic','Brave','2007-10-04',13788,'Folk','English'),('444','Maps','Maroon 5','222','V','2014-07-29',91947,'Blues','English'),('445','Animal','Maroon 5','222','V','2014-07-29',81426,'Classical','English'),('446','Sugar','Maroon 5','222','V','2014-07-29',73470,'Country','English'),('447','Wait','Maroon 5','Interscope','Red Pill Blues','2017-11-03',83770,'Electronic','English'),('448','Lips on U','Maroon 5','Interscope','Red Pill Blues','2017-11-03',62087,'Folk','English'),('449','Girls Like You','Maroon 5','Interscope','Red Pill Blues','2017-11-03',82363,'Hip-hop','English'),('45','Prisoner','The Weeknd','XO','Beauty Behind The Madness','2015-08-28',415428,'Folk','English'),('450','Thin Air','Pearl Jam','Epic','Binaural','2000-05-16',58166,'Country','English'),('451','Rival','Pearl Jam','Epic','Binaural','2000-05-16',60692,'Country','English'),('452','Of The Girl','Pearl Jam','Epic','Binaural','2000-05-16',20333,'Country','English'),('453','Faithful','Pearl Jam','Epic','Yield','1998-02-03',56899,'Country','English'),('454','No Way','Pearl Jam','Epic','Yield','1998-02-03',80459,'Country','English'),('455','Wishlist','Pearl Jam','Epic','Yield','1998-02-03',22351,'Country','English'),('456','Location','Khalid','RCA','American Teen','2017-03-03',79795,'Country','English'),('457','Saved','Khalid','RCA','American Teen','2017-03-03',48256,'Country','English'),('458','Better','Khalid','RCA','Free Spirit','2019-04-05',70435,'Country','English'),('459','Talk','Khalid','RCA','Free Spirit','2019-04-05',79623,'Country','English'),('46','Angels','The Weeknd','XO','Beauty Behind The Madness','2015-08-28',164124,'Folk','English'),('460','Thunder','Imagine Dragons','Interscope','Evolve','2017-06-23',74570,'Country','English'),('461','Believer','Imagine Dragons','Interscope','Evolve','2017-06-23',50787,'Country','English'),('462','Machine','Imagine Dragons','Interscope','Origins','2018-11-09',13559,'Country','English'),('463','Natural','Imagine Dragons','Interscope','Origins','2018-11-09',17684,'Country','English'),('464','Zero','Imagine Dragons','Interscope','Origins','2018-11-09',71719,'Country','English'),('465','Pink Rolex','Blackbear','Interscope','Anonymous','2019-04-26',73540,'Country','English'),('466','Drug Dealer','Blackbear','Interscope','Anonymous','2019-04-26',30167,'Country','English'),('467','Down','Blackbear','Interscope','Anonymous','2019-04-26',45309,'Country','English'),('468','Heartbroken','Blackbear','Interscope','Anonymous','2019-04-26',37917,'Country','English'),('469','So Fast','Lil Mosey','Interscope','Certified Hitmaker','2019-11-08',46549,'Country','English'),('47','Mark My Words','Justin Bieber','Island','Purpose','2015-11-13',309027,'Pop','English'),('470','Rose Gold','Lil Mosey','Interscope','Certified Hitmaker','2019-11-08',74561,'Country','English'),('471','Bankroll','Lil Mosey','Interscope','Certified Hitmaker','2019-11-08',35372,'Country','English'),('472','In My Blood','Shawn Mendes','Island','Shawn Mendes','2018-05-25',65959,'Country','English'),('473','Nervous','Shawn Mendes','Island','Shawn Mendes','2018-05-25',36084,'Country','English'),('474','Lost In Japan','Shawn Mendes','Island','Shawn Mendes','2018-05-25',64912,'Country','English'),('475','Youth','Shawn Mendes','Island','Shawn Mendes','2018-05-25',18496,'Country','English'),('476','Why','Shawn Mendes','Island','Shawn Mendes','2018-05-25',34590,'Country','English'),('477','Heart Attack','Demi Lovato','Hollywood','Demi','2013-05-10',49162,'Country','English'),('478','Made in The USA','Demi Lovato','Hollywood','Demi','2013-05-10',25349,'Country','English'),('479','Neon Lights','Demi Lovato','Hollywood','Demi','2013-05-10',15109,'Classical','English'),('48','I\'ll Show You','Justin Bieber','Island','Purpose','2015-11-13',113782,'Pop','English'),('480','Two Pieces','Demi Lovato','Hollywood','Demi','2013-05-10',22004,'Classical','English'),('481','For You','Demi Lovato','Hollywood','Confident','2015-10-16',45507,'Classical','English'),('482','Prelude','John Legend','Columbia','Get Lifted','2004-12-28',93705,'Classical','English'),('483','Save Room','John Legend','Columbia','Once Again','2006-10-24',32742,'Classical','English'),('484','Heaven','John Legend','Columbia','Once Again','2006-10-24',26535,'Classical','English'),('485','Stereo','John Legend','Columbia','Once Again','2006-10-24',60951,'Classical','English'),('486','Greenlight','John Legend','GOOD','Evolver','2008-10-28',89861,'Classical','English'),('487','This Time','John Legend','GOOD','Evolver','2008-10-28',38115,'Classical','English'),('488','Satisfaction','John Legend','GOOD','Evolver','2008-10-28',40128,'Classical','English'),('489','Take It Easy','Eagles','Asylum','Eagles','1972-06-01',20348,'Classical','English'),('49','What Do You Mean','Justin Bieber','Island','Purpose','2015-11-13',116053,'Pop','English'),('490','Chug All Night','Eagles','Asylum','Eagles','1972-06-01',48719,'Classical','English'),('491','Twenty One','Eagles','Asylum','Desperado','1973-03-22',45019,'Classical','English'),('492','Out Of Control','Eagles','Asylum','Desperado','1973-03-22',82192,'Classical','English'),('493','My Man','Eagles','Asylum','On The Border','1974-03-22',36159,'Classical','English'),('494','Already Gone','Eagles','Asylum','On The Border','1974-03-22',85878,'Classical','English'),('495','Pyramids','Frank Ocean','Def Jam','Channel Orange','2012-06-10',65514,'Classical','English'),('496','Lost','Frank Ocean','Def Jam','Channel Orange','2012-06-10',23814,'Classical','English'),('497','White','Frank Ocean','Def Jam','Channel Orange','2012-06-10',30367,'Classical','English'),('498','Monks','Frank Ocean','Def Jam','Channel Orange','2012-06-10',28914,'Classical','English'),('499','Nikes','Frank Ocean','Boy\'s Don\'t Cry','Blonde','2016-07-20',24744,'Classical','English'),('5','Rockin','The Weeknd','XO','Starboy','2016-11-25',107663,'Blues','English'),('50','Sorry','Justin Bieber','Island','Purpose','2015-11-13',491582,'Pop','English'),('500','Ivy','Frank Ocean','Boy\'s Don\'t Cry','Blonde','2016-07-20',42686,'Classical','English'),('501','Pink+White','Frank Ocean','Boy\'s Don\'t Cry','Blonde','2016-07-20',35402,'Blues','English'),('502','Eternal','Chance The Rapper','None','The Big Day','2019-06-26',49663,'Classical','English'),('503','Explode','Trash Talk','None','Eyes & Nines','2010-05-18',15676,'Country','English'),('504','Dinner','Dev Hynes','None','Blood Orange','2011-01-11',98446,'Electronic','English'),('505','Rabbot Ho','Thundercat','None','Drunk','2017-02-24',13933,'Folk','English'),('506','Hi','Odd Future','None','The OF Tape','2012-03-20',37371,'Hip-hop','English'),('507','Overture','MF Doom','None','Vaudeville Villian','2003-06-10',85653,'Jazz','English'),('508','Camel','Flying Lotus','None','Los Angeles','2008-06-10',87938,'Rock','English'),('51','Love Yourself','Justin Bieber','Island','Purpose','2015-11-13',410528,'Pop','English'),('52','Company','Justin Bieber','Island','Purpose','2015-11-13',543616,'Pop','English'),('53','No Pressure','Justin Bieber','Island','Purpose','2015-11-13',91492,'Pop','English'),('54','No Sense','Justin Bieber','Island','Purpose','2015-11-13',558763,'Pop','English'),('55','The Feeling','Justin Bieber','Island','Purpose','2015-11-13',355990,'Pop','English'),('56','Life is worth living','Justin Bieber','Island','Purpose','2015-11-13',64592,'Pop','English'),('57','Where R U Now','Justin Bieber','Island','Purpose','2015-11-13',308761,'Pop','English'),('58','Childern','Justin Bieber','Island','Purpose','2015-11-13',471304,'Pop','English'),('59','Purpose','Justin Bieber','Island','Purpose','2015-11-13',567979,'Pop','English'),('6','Secrets','The Weeknd','XO','Starboy','2016-11-25',78904,'Blues','English'),('60','All Around Me','Justin Bieber','Island','Changes','2020-02-14',448505,'Pop','English'),('61','Habitual','Justin Bieber','Island','Changes','2020-02-14',207675,'Pop','English'),('62','Come Around Me','Justin Bieber','Island','Changes','2020-02-14',178566,'Pop','English'),('63','Intentions','Justin Bieber','Island','Changes','2020-02-14',446543,'Pop','English'),('64','Yummy','Justin Bieber','Island','Changes','2020-02-14',69120,'Pop','English'),('65','Available','Justin Bieber','Island','Changes','2020-02-14',228942,'Pop','English'),('66','Forever','Justin Bieber','Island','Changes','2020-02-14',214506,'Pop','English'),('67','Running Over','Justin Bieber','Island','Changes','2020-02-14',404951,'Pop','English'),('68','Take it Out On Me','Justin Bieber','Island','Changes','2020-02-14',350636,'Pop','English'),('69','Second Edition','Justin Bieber','Island','Changes','2020-02-14',462872,'Pop','English'),('7','True Colors','The Weeknd','XO','Starboy','2016-11-25',273654,'Blues','English'),('70','Rare','Selena Gomez','Interscope','Rare','2020-01-10',581456,'Pop','English'),('71','Dance Again','Selena Gomez','Interscope','Rare','2020-01-10',108575,'Pop','English'),('72','Look At Her Now','Selena Gomez','Interscope','Rare','2020-01-10',478706,'Pop','English'),('73','Loose You To Love Me','Selena Gomez','Interscope','Rare','2020-01-10',565572,'Pop','English'),('74','Ring','Selena Gomez','Interscope','Rare','2020-01-10',53721,'Pop','English'),('75','Vulnerable','Selena Gomez','Interscope','Rare','2020-01-10',330227,'Pop','English'),('76','People You Know','Selena Gomez','Interscope','Rare','2020-01-10',470835,'Pop','English'),('77','Let Me Get Me','Selena Gomez','Interscope','Rare','2020-01-10',282738,'Pop','English'),('78','Crowded Room','Selena Gomez','Interscope','Rare','2020-01-10',197118,'Pop','English'),('79','Kinda Crazy','Selena Gomez','Interscope','Rare','2020-01-10',285190,'Pop','English'),('8','Stargirl Interlude','The Weeknd','XO','Starboy','2016-11-25',582793,'Blues','English'),('80','Fun','Selena Gomez','Interscope','Rare','2020-01-10',485641,'Pop','English'),('81','Cut You Off','Selena Gomez','Interscope','Rare','2020-01-10',299562,'Pop','English'),('82','A Sweeter Place','Selena Gomez','Interscope','Rare','2020-01-10',401037,'Pop','English'),('83','Revival','Selena Gomez','Interscope','Revival','2015-10-09',416115,'Pop','English'),('84','Kill Em With Kindness','Selena Gomez','Interscope','Revival','2015-10-09',226434,'Pop','English'),('85','Hands To Myself','Selena Gomez','Interscope','Revival','2015-10-09',435900,'Pop','English'),('86','Same Old Love','Selena Gomez','Interscope','Revival','2015-10-09',358798,'Pop','English'),('87','Sober','Selena Gomez','Interscope','Revival','2015-10-09',503361,'Pop','English'),('88','Good For You','Selena Gomez','Interscope','Revival','2015-10-09',456166,'Pop','English'),('89','Camouflage','Selena Gomez','Interscope','Revival','2015-10-09',254471,'Pop','English'),('9','Sidewalks','The Weeknd','XO','Starboy','2016-11-25',429205,'Blues','English'),('90','Me & The Rythm','Selena Gomez','Interscope','Revival','2015-10-09',88976,'Pop','English'),('91','Survivors','Selena Gomez','Interscope','Revival','2015-10-09',226267,'Pop','English'),('92','Body Heat','Selena Gomez','Interscope','Revival','2015-10-09',578663,'Pop','English'),('93','Rise','Selena Gomez','Interscope','Revival','2015-10-09',484583,'Pop','English'),('94','Never Stop','Future','Profile Records','The Wizrd','2019-01-18',460798,'Hip-hop','English'),('95','Jumpin On A Jet','Future','Profile Records','The Wizrd','2019-01-18',488532,'Hip-hop','English'),('96','Rocket Ship','Future','Profile Records','The Wizrd','2019-01-18',381620,'Hip-hop','English'),('97','Temptation','Future','Profile Records','The Wizrd','2019-01-18',240935,'Hip-hop','English'),('98','Crushed Up','Future','Profile Records','The Wizrd','2019-01-18',126329,'Hip-hop','English'),('99','F&N','Future','Profile Records','The Wizrd','2019-01-18',184782,'Hip-hop','English');
/*!40000 ALTER TABLE `songs` ENABLE KEYS */;
UNLOCK TABLES;

--
-- Table structure for table `users`
--

DROP TABLE IF EXISTS `users`;
/*!40101 SET @saved_cs_client     = @@character_set_client */;
/*!50503 SET character_set_client = utf8mb4 */;
CREATE TABLE `users` (
  `user_id` varchar(20) NOT NULL,
  `Name` varchar(20) NOT NULL,
  `email` varchar(40) NOT NULL,
  `passwd` varchar(20) NOT NULL,
  `dob` date NOT NULL,
  `gender` varchar(6) NOT NULL,
  PRIMARY KEY (`user_id`)
) ENGINE=InnoDB DEFAULT CHARSET=utf8mb4;
/*!40101 SET character_set_client = @saved_cs_client */;

--
-- Dumping data for table `users`
--

LOCK TABLES `users` WRITE;
/*!40000 ALTER TABLE `users` DISABLE KEYS */;
INSERT INTO `users` VALUES ('1','Matthieu','mraddon0@parallels.com','6Y5ZbToPV','1984-03-23','Male'),('10','Quill','qbounds9@vimeo.com','Aq8iI5w','1965-03-30','Male'),('100','Lira','ljanko2r@indiatimes.com','Q3Vk4W','2003-10-04','Female'),('101','Kingston','kscarse2s@reverbnation.com','SWRNZ7FGK','2004-05-19','Male'),('102','Ichabod','istrase2t@tiny.cc','S2NPExKMh','1965-04-18','Male'),('103','Hew','hlattey2u@google.com.br','zn9gjT88wU','1990-04-08','Male'),('104','Jehu','jstrahan2v@psu.edu','yn4IMDyMl','1996-10-17','Male'),('105','Chalmers','cbetterton2w@constantcontact.com','upUJTje','1984-01-12','Male'),('106','Ingar','iquainton2x@merriam-webster.com','LKihVbe0','1989-12-11','Male'),('107','Barby','bjohnikin2y@sakura.ne.jp','dB244b','2003-06-17','Female'),('108','Stefania','smuehler2z@lulu.com','69D4GNxGp','1973-04-08','Female'),('109','Armand','ahaszard30@harvard.edu','LZ0goVTz','2000-07-14','Male'),('11','Korey','kgullisa@yelp.com','yVIpuNM','2007-03-05','Male'),('110','Mac','mmacilhench31@google.it','gFrf9xE','1982-09-03','Male'),('111','Dov','demps32@sciencedaily.com','nYID87ygcd','2004-08-08','Male'),('112','Weston','warnoldi33@godaddy.com','iK6kudk','1985-09-26','Male'),('113','Ripley','rrheam34@instagram.com','MExDPLTelDuO','1963-11-23','Male'),('114','Rainer','rhatfield35@cdc.gov','TJ4iNaf','1999-12-04','Male'),('115','Hill','htideswell36@123-reg.co.uk','pHwwUFfe0db','1993-02-17','Male'),('116','Von','vcropton37@plala.or.jp','sAiTxRHIAD9','1974-12-31','Male'),('117','Augustus','aseakes38@blog.com','wczZmJ9aYy','1984-12-26','Male'),('118','Dmitri','dfrye39@storify.com','AUvxdFVd','2007-09-26','Male'),('119','Charmain','crutland3a@cam.ac.uk','9vzaizr','1966-11-25','Female'),('12','Carey','cbrittonerb@usgs.gov','H94jp7EKzalR','1967-12-22','Male'),('120','Wyn','wramsay3b@senate.gov','ZHdN1kYZp8D3','2000-07-22','Male'),('121','Othello','oriveles3c@de.vu','guWFjCwMg','1967-03-03','Male'),('122','Vivyan','vwixon3d@ted.com','iKEiKYj','2005-06-24','Female'),('123','Jerald','jclohessy3e@google.ca','Mer9AC','2001-01-22','Male'),('124','Saudra','sfortey3f@cisco.com','u2piTU','1964-08-26','Female'),('125','Tobin','tmottinelli3g@sina.com.cn','V7P1qH','2009-07-16','Male'),('126','Etheline','estampfer3h@gnu.org','to78MKcu4L','1993-02-28','Female'),('127','Shayne','sclifton3i@shop-pro.jp','SZtrSg3wEd5q','1963-06-11','Male'),('128','Chelsie','cchuter3j@jiathis.com','TPuNaaAO2ZLS','1982-12-06','Female'),('129','Gibbie','gsprouls3k@linkedin.com','rmBCOGV6R','1996-03-06','Male'),('13','Cointon','crawstornc@wix.com','YZCXaTA','1981-11-18','Male'),('130','Stanfield','smacalaster3l@loc.gov','X8bSpYagsX','2005-02-08','Male'),('131','Theo','talabone3m@liveinternet.ru','nLNnf4','1987-06-03','Female'),('132','Hank','hhughesdon3n@wired.com','6Mc3OQ','1997-04-24','Male'),('133','Rodina','rmccaughey3o@photobucket.com','bPNO82CL','1976-02-24','Female'),('134','Elisa','esuffield3p@unc.edu','MJ1FjQGho1','1964-10-02','Female'),('135','Cello','cmallebone3q@live.com','HIdRWQQHcn','1967-07-26','Male'),('136','Marylin','mfurmonger3r@yale.edu','Ro7lrPi','1961-07-04','Female'),('137','Emelina','ecarsey3s@apple.com','u7dZGVE61J','1976-09-19','Female'),('138','Adelbert','acompson3t@ameblo.jp','mYBVBf1','1979-11-13','Male'),('139','Paige','pchurchard3u@4shared.com','SsecoxVFx2i','2004-08-14','Male'),('14','Gerry','gwinnettd@amazon.de','qM2NVu1NqRsk','1966-05-19','Female'),('140','Haily','hsanchis3v@google.de','KpPuqOhuc0wW','1999-01-20','Male'),('141','Robbyn','rolynn3w@e-recht24.de','BinZlT9yN9','1984-12-23','Female'),('142','Tasha','twhetton3x@cargocollective.com','qpPqSAcXv','1979-12-22','Female'),('143','Corilla','csebastian3y@woothemes.com','YZENFgAgn4E','2007-06-28','Female'),('144','Jorrie','jbovaird3z@cpanel.net','khqVeG3CTG','2005-07-30','Female'),('145','Lynnelle','ldrewet40@disqus.com','62LkiCa4DQ','1966-11-14','Female'),('146','Carce','ctroyes41@de.vu','5ejdlVXRRD','1966-12-25','Male'),('147','Averell','amotton42@sakura.ne.jp','Ua1TDNQ5Pry','2009-12-19','Male'),('148','Denice','dhuygens43@si.edu','IiHvhZf','2008-01-25','Female'),('149','Karla','kgreenwood44@domainmarket.com','DLW1Jh','1995-08-27','Female'),('15','Sharl','skneafseye@purevolume.com','RUfgcTfu','2004-09-22','Female'),('150','Chickie','cralestone45@tumblr.com','n0KZpNHA','1971-11-16','Female'),('151','Timothy','tkester46@alibaba.com','1RYy4L9X8y','2002-01-03','Male'),('152','Anica','agriggs47@tmall.com','Bq8vBZ','1976-03-12','Female'),('153','Sonni','scarwithan48@blogs.com','xNOlxgP0K5','2005-11-07','Female'),('154','Cathi','cshearstone49@lycos.com','lrQLUK','1995-07-17','Female'),('155','Philippa','pvanichkov4a@gov.uk','3oaqykmIpYS0','1982-05-18','Female'),('156','Isahella','ibaroche4b@elpais.com','GcnV70','1997-09-02','Female'),('157','Janina','jorr4c@altervista.org','1Oz0EhNe','1995-03-14','Female'),('158','Corilla','cbeers4d@state.gov','s5xPLn','1968-10-30','Female'),('159','Josselyn','jrobey4e@domainmarket.com','uRnRER','1973-10-27','Female'),('16','Lauri','lologanf@umn.edu','nytrwCrO','1997-06-01','Female'),('160','Bendicty','bjanota4f@wp.com','jk0FM8aW0bk','1996-01-27','Male'),('161','Roshelle','rarnley4g@imageshack.us','Fer3qqb','1983-01-28','Female'),('162','Cordie','ccorking4h@japanpost.jp','Rotb9osIu','1984-09-22','Female'),('163','Morly','mpavy4i@tmall.com','SrJhCt2jSLK','1972-11-04','Male'),('164','Enoch','esinderson4j@posterous.com','9g0OPG0DhqGh','1966-10-28','Male'),('165','Rois','rdressell4k@wp.com','xNCRXZqxzF98','1987-03-28','Female'),('166','Cam','cbrocking4l@xrea.com','tgrIVT1cp2','1965-11-24','Male'),('167','Jenine','jqueree4m@timesonline.co.uk','pATYB1A8PZ','1973-11-03','Female'),('168','Eveline','ehayle4n@drupal.org','31Vg4NE','1985-05-27','Female'),('169','Sheelagh','ssalvador4o@samsung.com','9je37dFRq52h','1998-12-03','Female'),('17','Hendrick','hosgarg@jigsy.com','ikZ0I6v3','2001-04-18','Male'),('170','Manfred','mgarnson4p@globo.com','RljCEVex','1996-11-17','Male'),('171','Akim','akynoch4q@ycombinator.com','yeEpr3','1982-05-09','Male'),('172','Avril','awebling4r@domainmarket.com','hDxs4m','1967-03-02','Female'),('173','Emmerich','ealeso4s@about.me','pg8ZBVPHdZ','1970-02-20','Male'),('174','Nicky','nmcnirlan4t@wikimedia.org','ugfcrDr75b','1996-09-04','Female'),('175','Warren','wiorizzo4u@cam.ac.uk','vadagVdsb','1984-09-23','Male'),('176','Perrine','pumbert4v@fda.gov','eA89erjNsfGx','1991-10-04','Female'),('177','Warner','wfrend4w@shinystat.com','Zec1RvbmOM4','1993-01-08','Male'),('178','Natasha','nsantora4x@tinypic.com','gf2K3Rh0tK6u','2000-10-09','Female'),('179','Merrel','mbeatens4y@biblegateway.com','T3bKow29','1982-11-26','Male'),('18','Nester','nmellyh@latimes.com','1X9gk12sNb','1988-11-11','Male'),('180','Shelli','smckinlay4z@flickr.com','uJYwsVM6D','2009-03-30','Female'),('181','Cybil','cwelbelove50@microsoft.com','rGr2rH','1962-07-03','Female'),('182','Gaelan','ggilliat51@reverbnation.com','t8QOJLewLS','1965-08-10','Male'),('183','Kelley','kduligall52@kickstarter.com','vrgStdcWPLU','1983-04-20','Male'),('184','Vasilis','vmolen53@about.com','wClEqZe','1980-05-28','Male'),('185','Blakelee','bbeseke54@reverbnation.com','1Izqrgqy','1986-10-24','Female'),('186','Jaclin','jbalogun55@plala.or.jp','dzmBQwAn','1987-03-30','Female'),('187','Thomas','tbeaufoy56@china.com.cn','91UdjbSqb','1964-11-29','Male'),('188','Merilee','mkhristyukhin57@microsoft.com','3UhbYP','1961-03-03','Female'),('189','Kenyon','ksantora58@infoseek.co.jp','6yTF53FU2','1962-04-13','Male'),('19','Crosby','cpottlei@yellowpages.com','k7UG7hhSv54k','1985-07-08','Male'),('190','Susie','ssouthcoat59@usda.gov','p7N2n6RJ','1966-05-26','Female'),('191','Sandie','sfancutt5a@sitemeter.com','JEmQSE1Kd1t','2004-06-15','Female'),('192','Georgena','garchibould5b@ucoz.com','PjUTOnhP0h','2002-06-12','Female'),('193','Norri','nhoxey5c@go.com','rsFzc03','1995-09-25','Female'),('194','Rolando','rbucktharp5d@soundcloud.com','mW4RhCw2hex0','1995-10-24','Male'),('195','Carine','ceffemy5e@walmart.com','YeHU67YBw7s','1990-01-12','Female'),('196','Tad','tfennelow5f@odnoklassniki.ru','v2LelYCP','1991-05-05','Male'),('197','Woodman','wzanioletti5g@wordpress.org','phlhsPuY','1987-04-12','Male'),('198','Garth','gshowalter5h@yale.edu','yeklgKV','1976-01-12','Male'),('199','Marian','mpoint5i@imageshack.us','BNr9yo','1990-03-18','Female'),('2','Bessie','bspence1@phpbb.com','m1lvKq','1964-01-30','Female'),('20','Zelig','zsultanaj@google.ru','LKIwrVsL','1967-04-22','Male'),('200','Sadye','svanbrug5j@cnet.com','paKwDe','1978-06-23','Female'),('21','Hiram','hoxenhamk@rambler.ru','bdpZ979Dx2VE','2006-01-01','Male'),('22','Seana','sdigweedl@github.io','KSnTDzyl0p','1989-06-16','Female'),('23','Collin','cradagem@artisteer.com','LOquTuJNgy','1997-01-06','Male'),('24','Etheline','etindlen@goodreads.com','f3DV4LGWsKH','1988-08-05','Female'),('25','Arte','ahallano@aol.com','DESGTIRl','1967-02-17','Male'),('26','Dewie','dfinnanp@redcross.org','B6W66iaB6','1982-10-21','Male'),('27','Lovell','lbarnbyq@reddit.com','uMo2Dl','1970-12-15','Male'),('28','Jemima','jfassetr@storify.com','i6cV6AsJHvN4','1994-11-30','Female'),('29','Roxana','rslamakers@ca.gov','RVoT0px','2008-04-27','Female'),('3','Kerrie','kcarsberg2@flickr.com','MyQKKdJ','1970-08-15','Female'),('30','Bartlett','bgatesmant@gmpg.org','5X171s0','2008-12-18','Male'),('31','Mathilda','mpiegromeu@fc2.com','UXnuCInopTCd','1963-02-25','Female'),('32','Haven','hthayv@csmonitor.com','lTLix76NmUJV','1983-05-04','Male'),('33','Patton','plarkingw@bbb.org','w67HoLhTVMoT','2009-06-17','Male'),('34','Amanda','ajellardx@fotki.com','JU8lrdYi','1969-10-15','Female'),('35','Ira','igriery@google.fr','MEiR9EUQQ','2005-05-15','Female'),('36','Laurice','lwallmanz@moonfruit.com','dqufMwg6','1991-01-02','Female'),('37','Crosby','cgaylord10@barnesandnoble.com','5Wp4cqA4','1966-02-18','Male'),('38','Gunar','gphipson11@wufoo.com','LTQrzFY7d','1985-11-27','Male'),('39','Lanie','lbruggeman12@guardian.co.uk','5MqFvqrKrx','1994-12-04','Female'),('4','Sancho','smaciak3@icq.com','tOuaI4x','2002-10-24','Male'),('40','Lin','labdie13@zimbio.com','nY25jo','1969-02-18','Female'),('41','Lorrin','lmoukes14@i2i.jp','W9cBm8a6uM','1979-03-07','Female'),('42','Fabe','fdeverock15@miibeian.gov.cn','uFW8eNl3zV6Y','1979-11-21','Male'),('43','Leanora','lcortin16@sphinn.com','oIpPt5','1970-03-18','Female'),('44','Ebony','emckeevers17@google.de','jJqGGdYk','1985-04-02','Female'),('45','Bobbie','bhallett18@mapy.cz','A2Jlht1JR','2001-04-12','Female'),('46','Stevy','strays19@cbsnews.com','nUOZzM4S21a','1978-05-16','Male'),('47','Hazlett','hwhiteson1a@aol.com','v9WMYiRcV','1991-09-13','Male'),('48','Camila','cgerber1b@ftc.gov','laCbwVsK2','1974-01-17','Female'),('49','Vance','vmunnings1c@nyu.edu','kXRHR5Ga','1968-01-18','Male'),('5','Montague','mseywood4@infoseek.co.jp','FEHkBj9h2n','1994-10-13','Male'),('50','Jenny','jbonsale1d@indiegogo.com','LY3HRJg','1993-05-29','Female'),('51','Annnora','amadine1e@nbcnews.com','1APPmz96UH','1979-12-30','Female'),('52','Townsend','tsprowles1f@intel.com','n2vJwoudXwR','2001-04-24','Male'),('53','Tod','tlettsom1g@imdb.com','jQFghhsqe1','1984-05-17','Male'),('54','Joy','jyoodall1h@scribd.com','MLyvsT1mn','2003-12-06','Female'),('55','Emile','edomoni1i@ft.com','i5tBTfL','2009-06-16','Male'),('56','Martica','myewdell1j@adobe.com','DIS4V4','1989-03-16','Female'),('57','Shoshana','sbilsland1k@si.edu','qDlCYQjFv6c','1974-09-28','Female'),('58','Silvain','scanadine1l@bigcartel.com','Agzjo5','1972-09-06','Male'),('59','Farlay','fgiamelli1m@umich.edu','6Ris8SG','2009-02-26','Male'),('6','Newton','nlathbury5@cbc.ca','LKfZiFZN12','1996-03-08','Male'),('60','Zebulen','zvanezis1n@google.it','SnAke3a5BpJ','2000-04-12','Male'),('61','Dorolice','dellingsworth1o@wisc.edu','6dLzp2Y','1997-07-10','Female'),('62','Stephanie','sgadie1p@ihg.com','qwtKR9V','2009-06-14','Female'),('63','Shela','saberdeen1q@gnu.org','vGxgQ7','1987-01-28','Female'),('64','Ailey','aferrara1r@delicious.com','Nh3WqLBSnX','1971-11-18','Female'),('65','Lilyan','lteresse1s@sfgate.com','y1ili8Ev','1981-05-04','Female'),('66','Christoffer','clarkings1t@cdbaby.com','t1Z2Oi','1961-02-08','Male'),('67','Sari','ssteed1u@youku.com','0U5HYWilyczj','2005-12-29','Female'),('68','Brigitte','bwoodworth1v@uiuc.edu','e52rmD0U','1967-11-05','Female'),('69','Vanya','vondrak1w@typepad.com','xiuZl8CdJ3Z','1997-04-05','Male'),('7','Florence','fwalentynowicz6@unblog.fr','IcLPeHxie9','2003-01-29','Female'),('70','Flynn','ffenemore1x@mashable.com','3CL9K389s1Aw','1981-03-21','Male'),('71','Garey','gcridland1y@flavors.me','BXi52iYJRL','1980-11-13','Male'),('72','Salaidh','slutzmann1z@cyberchimps.com','QsoQjt','1976-05-22','Female'),('73','Shantee','ssiddall20@flavors.me','7Uw2abP','1996-02-16','Female'),('74','Federica','fwark21@themeforest.net','8JQ4W4','1970-10-02','Female'),('75','Rochelle','rsharland22@mlb.com','RMsS1Ef5sD4','1985-10-11','Female'),('76','Odette','ojerman23@google.fr','WRktRBOeLs5n','2001-08-10','Female'),('77','Corly','ccrawley24@vinaora.com','uNRBgV','2008-12-28','Female'),('78','Nester','nspancock25@sakura.ne.jp','fVwCaqOsS1B','2001-10-17','Male'),('79','Laurice','lboomes26@yelp.com','omfvoKaL','1982-03-07','Female'),('8','Rubina','ralldritt7@example.com','aVpi4QsTw','1971-08-26','Female'),('80','Aprilette','aseviour27@discuz.net','ev1bxjgqf0U','1973-04-25','Female'),('81','Shawnee','sbosence28@economist.com','moVBEI','1990-08-21','Female'),('82','Jessalyn','jbulled29@lycos.com','UI2i5WAHj0','1992-09-02','Female'),('83','Kirsten','kmorais2a@freewebs.com','36bhSM7cnV','2009-08-30','Female'),('84','Crystie','ctoman2b@cisco.com','VGSnri','1977-09-09','Female'),('85','Allegra','avlach2c@china.com.cn','lrYdCGQRwu','1984-10-29','Female'),('86','Jeannette','jgermon2d@dion.ne.jp','IJIR5I3A','1963-03-15','Female'),('87','Karna','kfeatherstonhaugh2e@ca.gov','Wa9tv1wXbIS5','2010-04-20','Female'),('88','Berne','baldersley2f@foxnews.com','DZ2lYd731BL','1990-03-22','Male'),('89','Aleda','aaymerich2g@networksolutions.com','uuzFZoGKtrL','1977-05-14','Female'),('9','Carroll','cseabridge8@myspace.com','srVaW0aE0A','1965-09-24','Male'),('90','Romona','rcolten2h@berkeley.edu','flTINVx6','1989-01-30','Female'),('91','Cherrita','csotheron2i@mozilla.com','ykjq1TOgiCf','1963-05-21','Female'),('92','Dareen','ddorkens2j@e-recht24.de','aDtWxuf','2003-02-11','Female'),('93','Malynda','mgass2k@economist.com','qd12Zr6','1971-01-18','Female'),('94','Giffy','gkettlestringe2l@yellowpages.com','EHD687wnSvA','2006-11-15','Male'),('95','Radcliffe','rtrays2m@wufoo.com','A8tVQFpQgt','1969-07-20','Male'),('96','Ranique','rbootherstone2n@zdnet.com','LLSPVer','1987-03-01','Female'),('97','Kearney','kcurror2o@prlog.org','4BbOLn','1986-12-28','Male'),('98','Shae','shandsheart2p@theguardian.com','5YYXNvuuoX','1978-05-09','Female'),('99','Lorens','ldeinert2q@arizona.edu','Yjd1NzmW9PCR','2000-02-06','Male');
/*!40000 ALTER TABLE `users` ENABLE KEYS */;
UNLOCK TABLES;
/*!40103 SET TIME_ZONE=@OLD_TIME_ZONE */;

/*!40101 SET SQL_MODE=@OLD_SQL_MODE */;
/*!40014 SET FOREIGN_KEY_CHECKS=@OLD_FOREIGN_KEY_CHECKS */;
/*!40014 SET UNIQUE_CHECKS=@OLD_UNIQUE_CHECKS */;
/*!40101 SET CHARACTER_SET_CLIENT=@OLD_CHARACTER_SET_CLIENT */;
/*!40101 SET CHARACTER_SET_RESULTS=@OLD_CHARACTER_SET_RESULTS */;
/*!40101 SET COLLATION_CONNECTION=@OLD_COLLATION_CONNECTION */;
/*!40111 SET SQL_NOTES=@OLD_SQL_NOTES */;

-- Dump completed on 2020-04-26 14:28:22
